Image,Id,class_count
0000e88ab.jpg,w_f48451c,14
000a6daec.jpg,w_dd88965,16
001cae55b.jpg,w_581ba42,14
004e8ad5b.jpg,w_3de579a,54
004f87702.jpg,w_1d0830e,11
0052ce2f5.jpg,w_2365d55,29
00537ec91.jpg,w_3879fa0,17
00570db6b.jpg,w_9c506f6,62
006017ddf.jpg,w_8a6a8d5,17
0067b3a20.jpg,w_c0d11da,15
008bf89fc.jpg,w_6822dbc,36
00910010d.jpg,w_700ebb4,57
009589b45.jpg,w_bc285a6,21
009687166.jpg,w_778e474,40
00d641885.jpg,w_dd944b7,11
00e9e5122.jpg,w_0369a5c,61
00fee3975.jpg,w_a9304b9,37
0117ac323.jpg,w_4516d31,11
01216c238.jpg,w_396c12b,11
0138b56d1.jpg,w_5597026,21
01425e516.jpg,w_581ba42,14
01598711e.jpg,w_3de579a,54
016791b76.jpg,w_f74a89e,16
016f26c74.jpg,w_08630fd,31
017bd9a69.jpg,w_191bce3,14
018b81a56.jpg,w_0b1e4a6,16
0197be7fd.jpg,w_2e374c0,12
019b53508.jpg,w_89f6097,17
01affda48.jpg,w_c875e45,15
01c602e06.jpg,w_dd88965,16
01c98f7c1.jpg,w_396c12b,11
01d122634.jpg,w_f0eddab,15
01e2ca8ba.jpg,w_edce644,14
01f5b5205.jpg,w_59052ad,29
0222d7746.jpg,w_1ca9ab1,34
02272f684.jpg,w_7e579dd,15
0227a97f7.jpg,w_488865e,22
022b803eb.jpg,w_1ca9ab1,34
023b99fbe.jpg,w_f0fe284,45
023dc5c36.jpg,w_0a155b9,24
023f72c08.jpg,w_f0eddab,15
025ea05b4.jpg,w_90c9763,20
027af9390.jpg,w_1d0830e,11
02909535e.jpg,w_1ca9ab1,34
02a7e1f6c.jpg,w_c8d5ad5,11
02b19e5f2.jpg,w_d72771c,32
02bdec750.jpg,w_23a388d,73
02c0b227e.jpg,w_d405854,47
02e5c6e80.jpg,w_cda3971,12
02f250971.jpg,w_23a388d,73
0301ca72f.jpg,w_025911c,19
031b6c2c4.jpg,w_bc285a6,21
031e2f2e0.jpg,w_0b1e4a6,16
0346bbbe9.jpg,w_dee1053,17
0347973a7.jpg,w_bb2c919,12
034e5fe12.jpg,w_cbb15d2,11
03563996a.jpg,w_91cc02c,25
03908edc8.jpg,w_8da30ad,22
03b6593e9.jpg,w_23a388d,73
040da527c.jpg,w_564a34b,51
041c117be.jpg,w_4690940,14
042a3d0b3.jpg,w_a9304b9,37
043b78dc6.jpg,w_23a388d,73
04448a8ce.jpg,w_5e8e218,40
04515138c.jpg,w_9f13096,11
0458c300b.jpg,w_5e8e218,40
046332912.jpg,w_778e474,40
047f23339.jpg,w_9b5109b,65
049202dd2.jpg,w_b3ca4b7,16
04a2d7b74.jpg,w_c875e45,15
04a74df45.jpg,w_f74a89e,16
04ccad4df.jpg,w_6caff0f,27
04ccea35b.jpg,w_53feb91,17
04d275a05.jpg,w_37d2f3a,12
04e99f9d1.jpg,w_939423d,13
04eb43378.jpg,w_f74a89e,16
04eec03fa.jpg,w_0135f5f,23
05081c5c8.jpg,w_b128587,15
051a9fba7.jpg,w_c25d2d1,19
051fd9a67.jpg,w_59052ad,29
0549da110.jpg,w_4ab3420,11
054bb95c0.jpg,w_b938e96,15
0559d1986.jpg,w_5e8e218,40
0576b4452.jpg,w_fec331a,11
05d9cc57a.jpg,w_67a9841,17
05eeabf1b.jpg,w_aa32f70,12
0631db372.jpg,w_1ca9ab1,34
06504fa5b.jpg,w_0cbf1b3,12
06988e2d8.jpg,w_4a28f21,13
06ae83bbc.jpg,w_0369a5c,61
06c50767d.jpg,w_50fd107,11
06c8929a3.jpg,w_db68456,18
06cfbaddf.jpg,w_0a155b9,24
06dae96d6.jpg,w_5773c71,23
06ebd7587.jpg,w_191bce3,14
06f8ca075.jpg,w_83b2336,11
0704cc0a7.jpg,w_a190a88,13
0706d4216.jpg,w_dd88965,16
0712ad7fe.jpg,w_f765256,34
0716fb02e.jpg,w_564a34b,51
071b4b2ae.jpg,w_2e374c0,12
0726d120b.jpg,w_b71ac68,16
073fc11a0.jpg,w_0a155b9,24
076271ee1.jpg,w_60ce6fc,37
076719457.jpg,w_9b5109b,65
07733181b.jpg,w_9b5109b,65
0779b9586.jpg,w_fd3e556,50
07837c640.jpg,w_b9e5911,24
079ce9622.jpg,w_50fd107,11
07a04a873.jpg,w_8a6a8d5,17
07ac2b767.jpg,w_dd88965,16
07b0f9cc8.jpg,w_91cc02c,25
07c035b2b.jpg,w_8a6a8d5,17
07c0ae10b.jpg,w_db68456,18
07c93d623.jpg,w_191bce3,14
07dcacfe6.jpg,w_6cda039,31
080d2aaff.jpg,w_ab2ac77,14
0812d57cd.jpg,w_9b5109b,65
08258902a.jpg,w_f0fe284,45
0829ae94e.jpg,w_04003e9,30
08334fd63.jpg,w_bfcad53,25
08406b193.jpg,w_2b4b82e,13
085ac5123.jpg,w_7e2eb3d,18
086041fb9.jpg,w_3879fa0,17
0896a27c2.jpg,w_34ecf36,18
08aee34dc.jpg,w_d588fb4,14
08dd94712.jpg,w_0a155b9,24
08fa77b9f.jpg,w_53215c6,14
0913c89c3.jpg,w_08630fd,31
091e9ccf8.jpg,w_6cda039,31
092085a60.jpg,w_ef83760,21
092ef02b8.jpg,w_0369a5c,61
09434961e.jpg,w_53215c6,14
0947418a2.jpg,w_191bce3,14
094d86c17.jpg,w_1ca9ab1,34
095533ca6.jpg,w_581ba42,14
0956ba105.jpg,w_6cda039,31
09603cbe5.jpg,w_c6fe966,16
09611f0c5.jpg,w_23a388d,73
0962efdb7.jpg,w_700ebb4,57
0988114af.jpg,w_88e4537,49
0992af029.jpg,w_23a388d,73
09b05d101.jpg,w_9f13096,11
0a0364032.jpg,w_dea40e2,14
0a6cdccac.jpg,w_698fcbe,16
0a70943a8.jpg,w_edce644,14
0a9c17b5c.jpg,w_60ce6fc,37
0aba5715c.jpg,w_27597ff,24
0acef76f0.jpg,w_bf960fa,13
0ae95cf70.jpg,w_9b5109b,65
0af805558.jpg,w_f48451c,14
0b25273c7.jpg,w_a9304b9,37
0b2cbfa4c.jpg,w_b3ca4b7,16
0b38cb192.jpg,w_3de579a,54
0b92d79c0.jpg,w_fd3e556,50
0bcb9fc34.jpg,w_3879fa0,17
0bd1610f8.jpg,w_0b1e4a6,16
0bd64cea3.jpg,w_60ce6fc,37
0c037e179.jpg,w_bf960fa,13
0c057c0a6.jpg,w_700ebb4,57
0c341777d.jpg,w_c6b4d61,17
0c45bf60f.jpg,w_62c78f3,14
0c4b0827e.jpg,w_4690940,14
0c508bef1.jpg,w_ab2ac77,14
0c5537f22.jpg,w_30f2f0f,12
0c61ff085.jpg,w_bfcad53,25
0c70b164e.jpg,w_778e474,40
0c7cbda70.jpg,w_50fd107,11
0c9b71747.jpg,w_50fd107,11
0ca116d49.jpg,w_60ce6fc,37
0cc97c518.jpg,w_08630fd,31
0cfed7024.jpg,w_f602022,12
0d3e8320a.jpg,w_fd3e556,50
0d5777fc2.jpg,w_00904a7,11
0d626f782.jpg,w_3815890,21
0d94bdad3.jpg,w_3de579a,54
0dad7f7d5.jpg,w_88e4537,49
0db1edb0c.jpg,w_3879fa0,17
0dd5f40f4.jpg,w_b9e5911,24
0dfb0241e.jpg,w_f6c5343,17
0e102defb.jpg,w_bfcad53,25
0e27b36d2.jpg,w_37d2f3a,12
0e2cf96c6.jpg,w_f66ec54,11
0e2d6a802.jpg,w_4690940,14
0e4686b60.jpg,w_3b03149,15
0e6abdd05.jpg,w_ac2c28e,11
0e6dad85c.jpg,w_c01c1f4,17
0e76405ec.jpg,w_789c969,45
0e7a46a3a.jpg,w_7e2eb3d,18
0e840332a.jpg,w_733f661,17
0e88d825e.jpg,w_aa0dacc,12
0e8a0188a.jpg,w_c6b4d61,17
0e8b29965.jpg,w_6822dbc,36
0e8f0ab91.jpg,w_789c969,45
0ec70b0df.jpg,w_23a388d,73
0ece26b35.jpg,w_c6fe966,16
0ed4c90bc.jpg,w_08630fd,31
0ee614bdc.jpg,w_9da1811,21
0eec912c8.jpg,w_17b0d3a,33
0ef2705ec.jpg,w_13aa123,12
0efc3e1e9.jpg,w_cbb15d2,11
0f309b345.jpg,w_4a28f21,13
0f35bc5e8.jpg,w_be4f189,13
0f443ae12.jpg,w_4690940,14
0f47f1032.jpg,w_67a9841,17
0f5ad1a70.jpg,w_f6c5343,17
0f87df781.jpg,w_dd944b7,11
0f9172ff7.jpg,w_26c0ffd,15
0fab94b02.jpg,w_733f661,17
0fac911a2.jpg,w_60cf87c,22
0fb3bb3e7.jpg,w_ef83760,21
0fc2aa8c9.jpg,w_488865e,22
0fdde3140.jpg,w_34ecf36,18
0ffc48fd2.jpg,w_4516ff1,21
1008bd463.jpg,w_698fcbe,16
10635479a.jpg,w_b9e5911,24
1081c2d70.jpg,w_7e579dd,15
1085a08dd.jpg,w_5773c71,23
108f569f9.jpg,w_a190a88,13
10b694367.jpg,w_04003e9,30
10e1a825e.jpg,w_bfcad53,25
11116ae07.jpg,w_0135f5f,23
111d1ab30.jpg,w_ac2c28e,11
112233c7f.jpg,w_df32eec,13
11232bac1.jpg,w_cda3971,12
113d24d36.jpg,w_dd944b7,11
114b76b66.jpg,w_1ca9ab1,34
11647e6fe.jpg,w_778e474,40
11702ec84.jpg,w_83b2336,11
117eff442.jpg,w_f74a89e,16
11835e311.jpg,w_88e4537,49
11df60816.jpg,w_cd4cb49,24
11f98ade5.jpg,w_b71ac68,16
120f5245d.jpg,w_488865e,22
1236b667c.jpg,w_7d44896,19
124913ed3.jpg,w_f7cd240,12
125b7d50d.jpg,w_700ebb4,57
1262321e3.jpg,w_f7cd240,12
12670516b.jpg,w_0369a5c,61
1268ef193.jpg,w_7c77c5c,12
126fc51b0.jpg,w_700ebb4,57
127cf66b2.jpg,w_ef83760,21
128b082b7.jpg,w_34120de,11
129553b18.jpg,w_b9e5911,24
12a50bd2c.jpg,w_fd6a3ad,30
12ea69783.jpg,w_12cc52d,17
12f1d106c.jpg,w_f6c5343,17
12f5ad5a6.jpg,w_0369a5c,61
1308ee62d.jpg,w_b9e5911,24
133a264f6.jpg,w_17b0d3a,33
1354e606d.jpg,w_789c969,45
1399ea284.jpg,w_700ebb4,57
13a7495d5.jpg,w_9c506f6,62
13c6d2436.jpg,w_b3cc7b3,11
13dff0a39.jpg,w_ae8982d,12
13e6f3e37.jpg,w_37d2f3a,12
13eeebc33.jpg,w_700ebb4,57
13f0ebecb.jpg,w_ab7c369,20
13f275380.jpg,w_581ba42,14
1400300d1.jpg,w_3815890,21
140138c6e.jpg,w_5a2634c,37
1409b0133.jpg,w_9d86594,16
141f81a4b.jpg,w_e27bbf6,19
143710238.jpg,w_dea40e2,14
144812b75.jpg,w_fd6a3ad,30
144c2f110.jpg,w_17b0d3a,33
1463708e3.jpg,w_91cc02c,25
1467eb17c.jpg,w_51fc1fc,30
14a82ef56.jpg,w_f0fe284,45
14c5eb662.jpg,w_025911c,19
14f4f5227.jpg,w_5a2634c,37
14f7e34ac.jpg,w_27597ff,24
150de9ccb.jpg,w_7e579dd,15
15685f504.jpg,w_9c506f6,62
158c781a5.jpg,w_9c506f6,62
15912c4ac.jpg,w_f765256,34
159d125ba.jpg,w_c6fe966,16
15b9d86af.jpg,w_b71ac68,16
15cf6148b.jpg,w_591a2c5,15
15db53751.jpg,w_ae393cd,17
16071bd79.jpg,w_6822dbc,36
160e1b5fa.jpg,w_14330a0,12
160ea1ac1.jpg,w_e2372d6,18
160ed3262.jpg,w_bfe77d0,20
1612fe91f.jpg,w_27597ff,24
1614e216e.jpg,w_37d2f3a,12
161548ded.jpg,w_698fcbe,16
1661c7612.jpg,w_ef83760,21
16661c9df.jpg,w_7e579dd,15
16666fe8c.jpg,w_fd3e556,50
1676a6d17.jpg,w_b128587,15
167cf5ed3.jpg,w_5597026,21
167e7872d.jpg,w_5773c71,23
1683955c4.jpg,w_bc285a6,21
16977eb66.jpg,w_9c506f6,62
16a7f84e7.jpg,w_3de579a,54
16b13bcb5.jpg,w_7e2eb3d,18
16b9f6f8f.jpg,w_eba33fb,19
16ddf58df.jpg,w_c1d2fbe,13
16e476a2f.jpg,w_26c0ffd,15
16e62d1a1.jpg,w_d405854,47
16e90bc21.jpg,w_53feb91,17
16fe82c1a.jpg,w_b9c99cc,12
17333159c.jpg,w_cd4cb49,24
173c72f8c.jpg,w_efbdcbc,22
1749cf8d7.jpg,w_581ba42,14
174b35e73.jpg,w_30f2f0f,12
175374a41.jpg,w_fd3e556,50
175bfb3b8.jpg,w_90c9763,20
17695d223.jpg,w_8da30ad,22
1783ad1c3.jpg,w_17b0d3a,33
17b05d20d.jpg,w_1ca9ab1,34
17d5ac914.jpg,w_d588fb4,14
17e902a34.jpg,w_5773c71,23
180056116.jpg,w_04003e9,30
180a18d6e.jpg,w_a9304b9,37
1818cfcbb.jpg,w_d72771c,32
18459a654.jpg,w_789c969,45
1847e87ee.jpg,w_e1ffbe2,23
1867e30c2.jpg,w_b9e5911,24
1871a772e.jpg,w_f0eddab,15
187bb1839.jpg,w_3002b59,11
1883237ff.jpg,w_242fb46,23
188b04c45.jpg,w_9c506f6,62
18a618c6b.jpg,w_f0eddab,15
18aae894c.jpg,w_3879fa0,17
18b36c8dc.jpg,w_a190a88,13
18b9ebd3c.jpg,w_f0eddab,15
18ce3a307.jpg,w_2b4b82e,13
18f817e48.jpg,w_04003e9,30
18f9ce2f9.jpg,w_23a388d,73
18fb340ef.jpg,w_efbdcbc,22
18fc415d3.jpg,w_6822dbc,36
191222a3c.jpg,w_ef83760,21
191958549.jpg,w_3879fa0,17
192c8a374.jpg,w_a9304b9,37
1938eedc2.jpg,w_d405854,47
194b69f92.jpg,w_d494351,13
194d11499.jpg,w_5773c71,23
195805c52.jpg,w_60cf87c,22
1962317c5.jpg,w_778e474,40
1964299d3.jpg,w_a9304b9,37
1965df4d1.jpg,w_0a155b9,24
19a81076c.jpg,w_b938e96,15
19a8d3828.jpg,w_a113b33,20
19b1ab9f0.jpg,w_59052ad,29
19bb578b1.jpg,w_dd88965,16
19cc5e7eb.jpg,w_ab2ac77,14
19d6253de.jpg,w_c25d2d1,19
19d7f16f0.jpg,w_f6c5343,17
19d88604c.jpg,w_bc285a6,21
19d8860f4.jpg,w_c55c51d,11
1a59c266b.jpg,w_581ba42,14
1a951c7cd.jpg,w_fd6a3ad,30
1a9c5c970.jpg,w_789c969,45
1aa6dbadf.jpg,w_bfe77d0,20
1aab49def.jpg,w_75f6ffa,24
1ab5c3713.jpg,w_fd3e556,50
1ab9277c0.jpg,w_488865e,22
1ac3c3ee9.jpg,w_5a2634c,37
1acc3891c.jpg,w_88e4537,49
1adc2ace1.jpg,w_8003858,12
1ae99f0c3.jpg,w_4516ff1,21
1aeca4616.jpg,w_dee1053,17
1b0b9868c.jpg,w_c6b4d61,17
1b1a4668e.jpg,w_ae393cd,17
1b40c89bd.jpg,w_700ebb4,57
1b4b8ca93.jpg,w_d97c490,11
1b5f121ab.jpg,w_b71ac68,16
1b6b6961a.jpg,w_6e97ef4,15
1b7c93ce4.jpg,w_6cda039,31
1b997e6d3.jpg,w_53215c6,14
1b9f1b366.jpg,w_f0eddab,15
1bb0c48cd.jpg,w_d72771c,32
1bb486b25.jpg,w_e2372d6,18
1bc6642e3.jpg,w_cbb15d2,11
1be9ea254.jpg,w_4a28f21,13
1c11e4f25.jpg,w_0369a5c,61
1c26e9930.jpg,w_778e474,40
1c2723346.jpg,w_9a1a810,14
1c351b88e.jpg,w_f48451c,14
1c8b5e93a.jpg,w_cd4cb49,24
1c9c3c853.jpg,w_c8d5ad5,11
1cad60dc8.jpg,w_83b2336,11
1cb57f0b9.jpg,w_025911c,19
1cb8f292a.jpg,w_23a388d,73
1cc8c1d29.jpg,w_89f6097,17
1cd040e23.jpg,w_ae393cd,17
1cdfb47c2.jpg,w_59052ad,29
1ce0b1d68.jpg,w_f6c5343,17
1cf723eca.jpg,w_bfcad53,25
1cf84a50b.jpg,w_4516d31,11
1cfd25df6.jpg,w_d72771c,32
1d0eccc44.jpg,w_d405854,47
1d221ce45.jpg,w_53feb91,17
1d30841d4.jpg,w_0bc078c,24
1d3e315ea.jpg,w_b9c99cc,12
1d3eb111b.jpg,w_9b5109b,65
1d6ff1e7b.jpg,w_cda3971,12
1d8fe1e99.jpg,w_ef83760,21
1d9d0abfb.jpg,w_5773c71,23
1db0fda46.jpg,w_5a2634c,37
1dc5372ac.jpg,w_fd3e556,50
1dcd8c109.jpg,w_fd6a3ad,30
1de580f9f.jpg,w_9da1811,21
1e084eba1.jpg,w_c1efffb,11
1e1564553.jpg,w_488865e,22
1e29532df.jpg,w_9c506f6,62
1e38e1550.jpg,w_6cda039,31
1e4b4581c.jpg,w_efbdcbc,22
1e4b60cdd.jpg,w_e2372d6,18
1e73ca94a.jpg,w_1d0830e,11
1e9aa4f1f.jpg,w_c6b4d61,17
1ea3df0b4.jpg,w_9a1a810,14
1eccb4eba.jpg,w_007fefa,17
1ed34c38b.jpg,w_9c506f6,62
1eef410a0.jpg,w_88e4537,49
1ef169d52.jpg,w_0bc078c,24
1ef3d57d6.jpg,w_e07b79f,15
1f2744d4f.jpg,w_ab2ac77,14
1f336b396.jpg,w_778e474,40
1f4ceba57.jpg,w_26c0ffd,15
1f9922801.jpg,w_f0eddab,15
1fb08207c.jpg,w_e27bbf6,19
1ffbe52d0.jpg,w_08630fd,31
20113607f.jpg,w_5a2634c,37
201c924dd.jpg,w_bb2c919,12
20390adb4.jpg,w_27597ff,24
204b80828.jpg,w_91cc02c,25
2050717f2.jpg,w_9d86594,16
20554cdf3.jpg,w_08630fd,31
2061b02a7.jpg,w_f602022,12
206994daf.jpg,w_b9c99cc,12
207fea321.jpg,w_4516ff1,21
208547b99.jpg,w_aa0dacc,12
20881b405.jpg,w_88e4537,49
208b8e125.jpg,w_4690940,14
20ba6a9af.jpg,w_d588fb4,14
20d00b5d3.jpg,w_c1d2fbe,13
20d4abba8.jpg,w_0369a5c,61
20d8a239b.jpg,w_e1ffbe2,23
20e7c6af4.jpg,w_007fefa,17
20f152053.jpg,w_eaed433,12
2102b7af8.jpg,w_57aeea3,11
2109ca990.jpg,w_700ebb4,57
211b9ad84.jpg,w_6cda039,31
212b9bd39.jpg,w_f765256,34
212e97cd9.jpg,w_07768b0,11
216268ccc.jpg,w_26c0ffd,15
217a64e1c.jpg,w_75f6ffa,24
2186bcd4d.jpg,w_3815890,21
2187ec67c.jpg,w_4a28f21,13
219b42aa2.jpg,w_dd944b7,11
21b11a6ee.jpg,w_83b2336,11
21e28ae02.jpg,w_5597026,21
22021f433.jpg,w_da011a1,15
2211bb803.jpg,w_f765256,34
222270b42.jpg,w_60cf87c,22
2235a4082.jpg,w_60cf87c,22
223734d26.jpg,w_4516d31,11
22398a8d4.jpg,w_08630fd,31
223bdaa94.jpg,w_564a34b,51
227717725.jpg,w_26c0ffd,15
229bf3faf.jpg,w_17b0d3a,33
22ca18f40.jpg,w_b9e5911,24
22ca7df21.jpg,w_be4f189,13
22d618bd9.jpg,w_9a1a810,14
22fc9b132.jpg,w_a9304b9,37
23026c967.jpg,w_396c12b,11
231f1f107.jpg,w_6caff0f,27
233a035cb.jpg,w_f765256,34
2342ad3d4.jpg,w_6caff0f,27
2354879ce.jpg,w_04003e9,30
235f9c7ab.jpg,w_f0fe284,45
2364ba245.jpg,w_c6fe966,16
2366a392f.jpg,w_b9e5911,24
2385c8427.jpg,w_91cc02c,25
23acb3957.jpg,w_007fefa,17
23cf9151b.jpg,w_7e579dd,15
23d2dff49.jpg,w_f6c5343,17
23d33bd86.jpg,w_581ba42,14
23e0317ea.jpg,w_27597ff,24
23e07ca09.jpg,w_0b1e4a6,16
23e740b76.jpg,w_b9e5911,24
23ec5a1a0.jpg,w_591a2c5,15
240368f0c.jpg,w_db68456,18
24100a9fc.jpg,w_9c506f6,62
241878da0.jpg,w_025911c,19
241aeee0f.jpg,w_e2372d6,18
241e38166.jpg,w_c01c1f4,17
242a7f02b.jpg,w_bfe77d0,20
2453c4631.jpg,w_9d56f22,11
24587f7ed.jpg,w_34ecf36,18
24a25d87b.jpg,w_d97c490,11
24af3682a.jpg,w_ae393cd,17
24c4dcc8b.jpg,w_f66ec54,11
24c68d5a3.jpg,w_b71ac68,16
24d8b66e3.jpg,w_c25d2d1,19
251954086.jpg,w_eba33fb,19
251cc1dec.jpg,w_f66ec54,11
252a17791.jpg,w_564a34b,51
252f32e5e.jpg,w_9c506f6,62
25307411b.jpg,w_9b5109b,65
25367b8a5.jpg,w_5597026,21
258679fcf.jpg,w_88e4537,49
25874852d.jpg,w_60cf87c,22
25952dfb5.jpg,w_7e2eb3d,18
259f655d8.jpg,w_88e4537,49
25a8605d9.jpg,w_34ecf36,18
25bd9868a.jpg,w_c55c51d,11
25ff06acf.jpg,w_b71ac68,16
26013fcb5.jpg,w_c8d5ad5,11
2617ff5c7.jpg,w_cc1784d,18
261eb57e6.jpg,w_8da30ad,22
2630e74f2.jpg,w_4516ff1,21
263230b75.jpg,w_e1ffbe2,23
26431666c.jpg,w_e1ffbe2,23
26448a6f8.jpg,w_13aa123,12
264fcf8ee.jpg,w_3815890,21
267c5e560.jpg,w_0a155b9,24
267df3294.jpg,w_d72771c,32
2682918b3.jpg,w_0f8b8e2,11
26848a109.jpg,w_88e4537,49
2685cec63.jpg,w_60ce6fc,37
269048ce1.jpg,w_cd4cb49,24
269cf0855.jpg,w_5a2634c,37
26ae7eb8c.jpg,w_d72771c,32
26b7f48a0.jpg,w_ae8982d,12
26cc5c3de.jpg,w_59052ad,29
26d3bdc92.jpg,w_1b0db58,15
26f6feb14.jpg,w_778e474,40
26f751e5c.jpg,w_27597ff,24
270e39506.jpg,w_7e2eb3d,18
272d3d799.jpg,w_9a1a810,14
27313bd4c.jpg,w_98d094e,16
273a13b02.jpg,w_67a9841,17
275a8cb1e.jpg,w_b9e5911,24
2764d5bce.jpg,w_83b2336,11
276da5deb.jpg,w_fd6a3ad,30
276e38676.jpg,w_c25d2d1,19
276f83d14.jpg,w_03670aa,20
2770b5798.jpg,w_89f6097,17
278c761ca.jpg,w_1d0830e,11
279a9c82e.jpg,w_7c77c5c,12
27ba4ba60.jpg,w_2b4b82e,13
27c7c5f0d.jpg,w_91b678a,11
27cfb492a.jpg,w_488865e,22
27d6f1553.jpg,w_34ecf36,18
27e0b6ff9.jpg,w_191bce3,14
281204d15.jpg,w_c6b4d61,17
28163ee5f.jpg,w_0a155b9,24
281dfecc2.jpg,w_89f6097,17
2832cf1d5.jpg,w_bb2c919,12
28699a435.jpg,w_007fefa,17
28726fae0.jpg,w_6cda039,31
2885ea466.jpg,w_00904a7,11
2898bb378.jpg,w_fec331a,11
28ab6dd22.jpg,w_d97c490,11
28ceda616.jpg,w_91cc02c,25
28da3099b.jpg,w_7c77c5c,12
290fa1a19.jpg,w_9a1a810,14
2913c4a93.jpg,w_34ecf36,18
292ffe4c6.jpg,w_9b5109b,65
2949b6643.jpg,w_90c9763,20
294ab237b.jpg,w_04003e9,30
29b3e8e9e.jpg,w_59052ad,29
29bdf298a.jpg,w_9d86594,16
29cbeb78b.jpg,w_b5e6c80,11
29ece6621.jpg,w_d8a47de,11
29fa5bbc5.jpg,w_9c506f6,62
2a339c434.jpg,w_ab7c369,20
2a4e00ced.jpg,w_e1ffbe2,23
2a5b2c31b.jpg,w_5597026,21
2a8f8289f.jpg,w_55b77ce,13
2ab28a9b3.jpg,w_591a2c5,15
2aba65b94.jpg,w_f0fe284,45
2ac19e867.jpg,w_23a388d,73
2ac595429.jpg,w_d405854,47
2adf3e32e.jpg,w_733f661,17
2ae1ca8e5.jpg,w_c875e45,15
2ae61890a.jpg,w_23a388d,73
2aea3c3da.jpg,w_242fb46,23
2b100675d.jpg,w_fd6a3ad,30
2b25f15c9.jpg,w_3815890,21
2b26b72d8.jpg,w_dee1053,17
2b5b929ed.jpg,w_2e374c0,12
2b5c10c88.jpg,w_5773c71,23
2b6027844.jpg,w_c1d2fbe,13
2b8424f3b.jpg,w_c6b4d61,17
2b87cebfe.jpg,w_e07b79f,15
2bab774aa.jpg,w_d72771c,32
2bb6512f8.jpg,w_62c78f3,14
2bbad75d4.jpg,w_0369a5c,61
2bbfd538c.jpg,w_0369a5c,61
2bc15d15b.jpg,w_9c506f6,62
2bc84446c.jpg,w_a190a88,13
2bcc8ebf2.jpg,w_3b03149,15
2bd05c9ae.jpg,w_4ab3420,11
2bd30038a.jpg,w_9d86594,16
2bdc48bb5.jpg,w_3002b59,11
2c2076684.jpg,w_17b0d3a,33
2c2ae6eee.jpg,w_60ce6fc,37
2c31bfedf.jpg,w_d494351,13
2c36f0bfe.jpg,w_60ce6fc,37
2c62c3ecf.jpg,w_6822dbc,36
2c74aea1c.jpg,w_62c78f3,14
2c966ad9d.jpg,w_733f661,17
2cc8338d9.jpg,w_e07b79f,15
2ccf13852.jpg,w_12cc52d,17
2cd419554.jpg,w_939423d,13
2cd7913bb.jpg,w_df32eec,13
2cd81bee2.jpg,w_94f41dc,11
2cf66d73c.jpg,w_6822dbc,36
2d06946f9.jpg,w_17b0d3a,33
2d1f20f76.jpg,w_fd3e556,50
2d43e205a.jpg,w_00904a7,11
2d4ca80ea.jpg,w_dd88965,16
2d517b4db.jpg,w_2365d55,29
2d5d412e1.jpg,w_a190a88,13
2d7ede381.jpg,w_dd88965,16
2d83b5312.jpg,w_0369a5c,61
2db0008b6.jpg,w_efbdcbc,22
2db7bf884.jpg,w_9d86594,16
2dd2388d6.jpg,w_a9304b9,37
2e19af968.jpg,w_7e2eb3d,18
2e1cc98cc.jpg,w_75f6ffa,24
2e230ab8a.jpg,w_12cc52d,17
2e3e286e6.jpg,w_9b5109b,65
2e4ba52cf.jpg,w_242fb46,23
2e524dc4c.jpg,w_2e374c0,12
2e5cf6ca3.jpg,w_60ce6fc,37
2e711d802.jpg,w_1ca9ab1,34
2e8c4c2a8.jpg,w_a6703dd,11
2e98b95e2.jpg,w_e27bbf6,19
2ea81ac6c.jpg,w_f765256,34
2ebeb06fb.jpg,w_581ba42,14
2ec45c8c6.jpg,w_5773c71,23
2ece7cb3d.jpg,w_eba33fb,19
2edad0e90.jpg,w_e07b79f,15
2ef5744ae.jpg,w_51fc1fc,30
2ef85e9ef.jpg,w_ab7c369,20
2f0653c09.jpg,w_b128587,15
2f0b71e98.jpg,w_778e474,40
2f0b9f7ef.jpg,w_d405854,47
2f0b9fe47.jpg,w_94a7669,11
2f0c584a4.jpg,w_789c969,45
2f2b273bb.jpg,w_1ca9ab1,34
2f4cb5edd.jpg,w_700ebb4,57
2f6c86c01.jpg,w_90c9763,20
2f7f0b9c7.jpg,w_fd3e556,50
2f802dce2.jpg,w_88e4537,49
2faa5d89d.jpg,w_f6c5343,17
2fb1c1b90.jpg,w_83a4279,15
2fc45c933.jpg,w_700ebb4,57
2fd3a0a61.jpg,w_89f6097,17
2ffd3e80b.jpg,w_218fe4a,13
300cf57a9.jpg,w_23a388d,73
303938df6.jpg,w_23a388d,73
303cbcbf6.jpg,w_ae8982d,12
306e29b2d.jpg,w_733f661,17
30b5dc0b9.jpg,w_bfcad53,25
30c4c7619.jpg,w_08630fd,31
30e7ab8c0.jpg,w_1ca9ab1,34
30f028b75.jpg,w_9da1811,21
31098a6b7.jpg,w_5597026,21
3125ac486.jpg,w_c6b4d61,17
312f6cc30.jpg,w_c1efffb,11
31567a90b.jpg,w_789c969,45
3164c4438.jpg,w_14330a0,12
316870b2c.jpg,w_d72771c,32
316e4ed92.jpg,w_15951db,11
317a126f4.jpg,w_0369a5c,61
319005df1.jpg,w_4c07458,16
31b8e4577.jpg,w_db68456,18
31e46ee49.jpg,w_c25d2d1,19
3216ee4c5.jpg,w_0bc078c,24
321dc9fae.jpg,w_0cbf1b3,12
322c922ba.jpg,w_26c0ffd,15
323e84269.jpg,w_c1d2fbe,13
325076e4a.jpg,w_e07b79f,15
328642655.jpg,w_f765256,34
32991140f.jpg,w_db68456,18
32a34a3ec.jpg,w_191bce3,14
32c52b133.jpg,w_8003858,12
32d1d0d10.jpg,w_f6c5343,17
32d283013.jpg,w_eaed433,12
32f2e57b0.jpg,w_6cda039,31
3315f8346.jpg,w_9438119,16
33273c9dc.jpg,w_9d56f22,11
3332b245e.jpg,w_03670aa,20
3332c21d6.jpg,w_778e474,40
3347515d9.jpg,w_4c07458,16
337afba2c.jpg,w_b3cc7b3,11
33834c24a.jpg,w_8003858,12
33842d684.jpg,w_c6fe966,16
3394c2f91.jpg,w_f0fe284,45
339a1dd43.jpg,w_789c969,45
339d62b76.jpg,w_9a1a810,14
33d6a6e56.jpg,w_d573a68,19
33ee87d21.jpg,w_591a2c5,15
3426b5908.jpg,w_16b5050,12
342ed352c.jpg,w_bc285a6,21
343a93ba9.jpg,w_fd6a3ad,30
343e97f54.jpg,w_08630fd,31
3481cc906.jpg,w_5a2634c,37
3493300c9.jpg,w_ae8982d,12
349f8cced.jpg,w_df32eec,13
34a75f58c.jpg,w_700ebb4,57
34b1789a7.jpg,w_9c506f6,62
34b486a84.jpg,w_3de579a,54
34bb4ed8d.jpg,w_a113b33,20
34d90a7ee.jpg,w_efbdcbc,22
34e29a50e.jpg,w_03670aa,20
34e8f3228.jpg,w_c875e45,15
34f1cd20c.jpg,w_07768b0,11
353ca37a0.jpg,w_c8d5ad5,11
357ce5346.jpg,w_f7cd240,12
358b56609.jpg,w_23a388d,73
3591e954a.jpg,w_3815890,21
35a653e6f.jpg,w_778e474,40
35ab394d2.jpg,w_d72771c,32
35b5b33a9.jpg,w_c01c1f4,17
35f67c482.jpg,w_7d44896,19
35fad8067.jpg,w_98d094e,16
3612c5daf.jpg,w_564a34b,51
361f2e9cb.jpg,w_0a155b9,24
3623eae7a.jpg,w_e1ffbe2,23
36337445a.jpg,w_8da30ad,22
363bad2ff.jpg,w_bc285a6,21
364b4d9d5.jpg,w_4516d31,11
366cfc070.jpg,w_88e4537,49
367150343.jpg,w_9b5109b,65
36a055e3f.jpg,w_bc285a6,21
36b85f6c4.jpg,w_f0fe284,45
36b9b14bf.jpg,w_6e97ef4,15
36c21f694.jpg,w_53215c6,14
36c5a4bd2.jpg,w_d405854,47
36cffcb23.jpg,w_91cc02c,25
36deaa67e.jpg,w_3de579a,54
36e4eac56.jpg,w_83a4279,15
36ef0f133.jpg,w_9b5109b,65
3745f64e7.jpg,w_cd4cb49,24
375a616e0.jpg,w_7e579dd,15
377057ee8.jpg,w_efbdcbc,22
3778e85f8.jpg,w_ac2c28e,11
378017d21.jpg,w_cd4cb49,24
3780759d3.jpg,w_f602022,12
3789745b6.jpg,w_789c969,45
378ae3057.jpg,w_488865e,22
379e2ac24.jpg,w_88e4537,49
37b9bbc6a.jpg,w_698fcbe,16
37bc1b579.jpg,w_778e474,40
37bcba41a.jpg,w_6caff0f,27
37d42b27b.jpg,w_396c12b,11
37e677fe3.jpg,w_a9304b9,37
37fefcb32.jpg,w_9b5109b,65
382323730.jpg,w_23a388d,73
382d62eec.jpg,w_581ba42,14
3832aae71.jpg,w_5773c71,23
3833dd9ab.jpg,w_a9304b9,37
383e62026.jpg,w_191bce3,14
386098eae.jpg,w_5a2634c,37
3862949a3.jpg,w_16b5050,12
386587034.jpg,w_488865e,22
386879860.jpg,w_733f661,17
38846a10b.jpg,w_edce644,14
3897f5c55.jpg,w_bb2c919,12
38ae2aefb.jpg,w_025911c,19
38c68f5fb.jpg,w_91cc02c,25
38d3b68cc.jpg,w_fbcfe74,11
38d54d712.jpg,w_9c506f6,62
38df4000e.jpg,w_b3cc7b3,11
38ee6b15b.jpg,w_67a9841,17
38fd36bfb.jpg,w_3002b59,11
392032607.jpg,w_a9304b9,37
39339394c.jpg,w_c8d5ad5,11
394230154.jpg,w_d405854,47
394feba2f.jpg,w_d573a68,19
3959dfa61.jpg,w_75f6ffa,24
396b9f681.jpg,w_3de579a,54
398e3a2ab.jpg,w_9b5109b,65
39a1d98ec.jpg,w_007fefa,17
39e5f0b59.jpg,w_9438119,16
3a084b7a7.jpg,w_5597026,21
3a12c55f7.jpg,w_b3ca4b7,16
3a17193ce.jpg,w_d405854,47
3a1af3857.jpg,w_5e8e218,40
3a2ed0679.jpg,w_d405854,47
3a5dfc9b8.jpg,w_16b5050,12
3a601f297.jpg,w_3de579a,54
3a61214c7.jpg,w_778e474,40
3a865b538.jpg,w_51fc1fc,30
3a9a7c98d.jpg,w_0a155b9,24
3a9ef0e8d.jpg,w_b3cc7b3,11
3aa633d15.jpg,w_bfe77d0,20
3aa71f2f2.jpg,w_f0fe284,45
3aa9992cc.jpg,w_564a34b,51
3af40166d.jpg,w_e1ffbe2,23
3b24e0a2d.jpg,w_da011a1,15
3b3483ba9.jpg,w_23a388d,73
3b5cad1c5.jpg,w_dea40e2,14
3b5d0e61a.jpg,w_bfe77d0,20
3b66bd85d.jpg,w_83a4279,15
3b8cee01e.jpg,w_bf960fa,13
3bb028330.jpg,w_cbb15d2,11
3bb1b5906.jpg,w_2365d55,29
3bbc8885f.jpg,w_fd3e556,50
3bfada2d2.jpg,w_88e4537,49
3bfca92bd.jpg,w_ab7c369,20
3c38a0c7b.jpg,w_6cda039,31
3c5bbc211.jpg,w_7d44896,19
3cad1ad01.jpg,w_67a9841,17
3cb958ffd.jpg,w_aa0dacc,12
3cba09780.jpg,w_2e374c0,12
3ccfa4891.jpg,w_83a4279,15
3cd828778.jpg,w_9c506f6,62
3cd9242f5.jpg,w_37d2f3a,12
3ced63ca9.jpg,w_c01c1f4,17
3cf6f800a.jpg,w_ef83760,21
3d017af02.jpg,w_3de579a,54
3d03c4d64.jpg,w_ab7c369,20
3d12fb1c5.jpg,w_83b2336,11
3d19e22cd.jpg,w_218fe4a,13
3d25938c7.jpg,w_c55c51d,11
3d2886169.jpg,w_5a2634c,37
3d34f1605.jpg,w_d980663,16
3d3530433.jpg,w_37d2f3a,12
3d5c45078.jpg,w_23a388d,73
3d69a3025.jpg,w_6e97ef4,15
3d69db5d3.jpg,w_733f661,17
3d7f4c7d5.jpg,w_04003e9,30
3d9ad93b8.jpg,w_f765256,34
3dad5ad0c.jpg,w_98d094e,16
3daffa90c.jpg,w_62c78f3,14
3db9d181e.jpg,w_7c77c5c,12
3dbe31e3a.jpg,w_27597ff,24
3dce82dac.jpg,w_ef83760,21
3e176c550.jpg,w_c6fe966,16
3e2438892.jpg,w_accb0cb,14
3e53c9584.jpg,w_23a388d,73
3e5675441.jpg,w_efbdcbc,22
3e699c86a.jpg,w_a6703dd,11
3e69d7030.jpg,w_0369a5c,61
3e7cf4dab.jpg,w_9c506f6,62
3e8b8d8d9.jpg,w_23a388d,73
3e9d3c09e.jpg,w_34ecf36,18
3ea3015f9.jpg,w_aa32f70,12
3ea3f4317.jpg,w_accb0cb,14
3f0c8a20c.jpg,w_025911c,19
3f22b5160.jpg,w_c25d2d1,19
3f4872061.jpg,w_8003858,12
3f5a21629.jpg,w_e1ffbe2,23
3f7010135.jpg,w_5a2634c,37
3f71f580d.jpg,w_0369a5c,61
3f96c987c.jpg,w_488865e,22
3fb971c6b.jpg,w_aa0dacc,12
3fc601006.jpg,w_488865e,22
3fd1df9b0.jpg,w_564a34b,51
3fe4ef144.jpg,w_51fc1fc,30
3ff918da4.jpg,w_9da1811,21
3ffe3d3a5.jpg,w_c875e45,15
40057c4ee.jpg,w_9b5109b,65
4011f1509.jpg,w_2365d55,29
4032df461.jpg,w_f0fe284,45
4058afced.jpg,w_b128587,15
40734a798.jpg,w_7e2eb3d,18
409f3a6f8.jpg,w_bfe77d0,20
40b63c578.jpg,w_4c07458,16
40bb25e45.jpg,w_88e4537,49
40bfce684.jpg,w_c0d11da,15
40db5247a.jpg,w_191bce3,14
40dc47ffd.jpg,w_d405854,47
40e284727.jpg,w_242fb46,23
40ed1bab9.jpg,w_67a9841,17
40ffe80d2.jpg,w_c01c1f4,17
410ab45c8.jpg,w_f765256,34
4118566ef.jpg,w_00904a7,11
4137a917a.jpg,w_da011a1,15
413f06412.jpg,w_396c12b,11
413ff6cf0.jpg,w_d72771c,32
41442002f.jpg,w_9d56f22,11
41470a718.jpg,w_51fc1fc,30
41669ea42.jpg,w_12cc52d,17
418820164.jpg,w_4ab3420,11
419d217ac.jpg,w_a9304b9,37
419df608d.jpg,w_5597026,21
41ab663e2.jpg,w_b71ac68,16
41af8a1a8.jpg,w_bf960fa,13
41bbccd92.jpg,w_34120de,11
41c5ada61.jpg,w_88e4537,49
41c978e42.jpg,w_f7cd240,12
41cf6fd14.jpg,w_c875e45,15
41e398a98.jpg,w_83a4279,15
41f7d1047.jpg,w_37d2f3a,12
41fed9cca.jpg,w_564a34b,51
42020c994.jpg,w_7e579dd,15
420cc3ace.jpg,w_12cc52d,17
4218095f9.jpg,w_7e2eb3d,18
424689c9d.jpg,w_bf960fa,13
4267f88ab.jpg,w_5597026,21
426a28a9a.jpg,w_37d2f3a,12
4275b9298.jpg,w_0bc078c,24
42a505fa7.jpg,w_67a9841,17
42ba4dd5f.jpg,w_8a6a8d5,17
42bcb8cad.jpg,w_f0fe284,45
42dc57b4b.jpg,w_9d86594,16
42e754a9f.jpg,w_da011a1,15
42f134dea.jpg,w_59052ad,29
42f3997ec.jpg,w_c25d2d1,19
42f4b2ce3.jpg,w_bfcad53,25
430b444a5.jpg,w_27597ff,24
431fc772a.jpg,w_789c969,45
43214e6cc.jpg,w_59052ad,29
432353a53.jpg,w_aa0dacc,12
43358eff6.jpg,w_789c969,45
433deb72b.jpg,w_b3cc7b3,11
436a2e109.jpg,w_08630fd,31
437aee14b.jpg,w_d405854,47
438c3da12.jpg,w_c55c51d,11
438cd2452.jpg,w_0bc078c,24
438fc1bce.jpg,w_67a9841,17
439320f0c.jpg,w_3b03149,15
43caab2b3.jpg,w_f0fe284,45
43d58590e.jpg,w_0b1e4a6,16
43dd2a4fb.jpg,w_c01c1f4,17
43dfdb004.jpg,w_53feb91,17
43f2f6cf4.jpg,w_c8d5ad5,11
43f828b84.jpg,w_488865e,22
44016c19d.jpg,w_6caff0f,27
440f05fd9.jpg,w_f66ec54,11
4417106a6.jpg,w_aa0dacc,12
441caedd6.jpg,w_2365d55,29
4431bc776.jpg,w_2365d55,29
4433fce31.jpg,w_aa32f70,12
44491bbfb.jpg,w_accb0cb,14
444b09aca.jpg,w_60ce6fc,37
444cdd71d.jpg,w_9b5109b,65
446e9a8a0.jpg,w_f765256,34
447b48dad.jpg,w_564a34b,51
44818fe41.jpg,w_0369a5c,61
448ad7310.jpg,w_dee1053,17
449c708d3.jpg,w_60ce6fc,37
44a8db31a.jpg,w_d494351,13
44b3dca6f.jpg,w_60cf87c,22
44b5d31d1.jpg,w_2365d55,29
44c108310.jpg,w_b3cc7b3,11
44c73f2e9.jpg,w_b128587,15
44cd30b4c.jpg,w_51fc1fc,30
44d718597.jpg,w_34ecf36,18
44d90f1e6.jpg,w_e1ffbe2,23
44f3204ed.jpg,w_cd4cb49,24
44f3f2832.jpg,w_bc285a6,21
44f592378.jpg,w_9c506f6,62
45001476b.jpg,w_59052ad,29
453a4b009.jpg,w_51fc1fc,30
454ea4c8d.jpg,w_b3ca4b7,16
454ee2805.jpg,w_34120de,11
4574e9463.jpg,w_55b77ce,13
45a225765.jpg,w_564a34b,51
45a49382f.jpg,w_1ca9ab1,34
45adc4f95.jpg,w_04003e9,30
45b52b9af.jpg,w_55b77ce,13
45c061cf5.jpg,w_2365d55,29
45c6afdfc.jpg,w_6822dbc,36
45ceb27f9.jpg,w_a113b33,20
45e3e7af9.jpg,w_fd3e556,50
45f3c801d.jpg,w_cd4cb49,24
45faf2436.jpg,w_789c969,45
462152c16.jpg,w_564a34b,51
4623d92d8.jpg,w_a113b33,20
4624dc3d9.jpg,w_12cc52d,17
462d160c9.jpg,w_be4f189,13
463451db0.jpg,w_f602022,12
46377769c.jpg,w_591a2c5,15
464f2a505.jpg,w_f0fe284,45
467133f2e.jpg,w_edce644,14
4686f6a46.jpg,w_fd3e556,50
468f5adfc.jpg,w_6cda039,31
46919e45f.jpg,w_7e2eb3d,18
4696b53f7.jpg,w_17b0d3a,33
46ac1ece9.jpg,w_2365d55,29
46d8c5648.jpg,w_c0d11da,15
46da4bda9.jpg,w_dd88965,16
46df301d9.jpg,w_2b4b82e,13
4700e2617.jpg,w_bc285a6,21
47071b59c.jpg,w_23a388d,73
4714400cd.jpg,w_67a9841,17
471e75940.jpg,w_700ebb4,57
4736f6240.jpg,w_e2372d6,18
477317dbe.jpg,w_ae8982d,12
477bcf0f1.jpg,w_d573a68,19
477ee1c68.jpg,w_3879fa0,17
478549f50.jpg,w_89f6097,17
47877d568.jpg,w_700ebb4,57
47cfc0f01.jpg,w_9b5109b,65
47d1582fc.jpg,w_34ecf36,18
47d949260.jpg,w_0369a5c,61
47e04b769.jpg,w_dee1053,17
47f88ae6c.jpg,w_0369a5c,61
4838c8331.jpg,w_cbb15d2,11
484518aed.jpg,w_17b0d3a,33
487275ae3.jpg,w_1ca9ab1,34
48837015b.jpg,w_9b5109b,65
488d984b2.jpg,w_5e8e218,40
488ebc78e.jpg,w_9b5109b,65
48afdaa6a.jpg,w_53feb91,17
48faa86aa.jpg,w_51fc1fc,30
4904bdae4.jpg,w_9c506f6,62
491d5c1af.jpg,w_53feb91,17
4920bb0a8.jpg,w_1ca9ab1,34
4925dba65.jpg,w_5597026,21
4932b7456.jpg,w_5e8e218,40
494565a43.jpg,w_c6b4d61,17
494e922c9.jpg,w_1ca9ab1,34
4977df65a.jpg,w_0f8b8e2,11
49c65d018.jpg,w_cc1784d,18
49c70a889.jpg,w_0369a5c,61
49cacb853.jpg,w_fd3e556,50
49d05c131.jpg,w_564a34b,51
49e3d5217.jpg,w_cbb15d2,11
49ee99a58.jpg,w_50fd107,11
4a27e0be6.jpg,w_9a1a810,14
4a5059c8c.jpg,w_59052ad,29
4a57461b9.jpg,w_db68456,18
4aaedb27c.jpg,w_c6fe966,16
4ac2ba99f.jpg,w_9b5109b,65
4ac941d88.jpg,w_9d86594,16
4acc5c8e9.jpg,w_cd4cb49,24
4ad214501.jpg,w_3de579a,54
4ad85971f.jpg,w_cd4cb49,24
4afe20ae4.jpg,w_00904a7,11
4b01ee811.jpg,w_d494351,13
4b027a4a4.jpg,w_7e579dd,15
4b1c34028.jpg,w_d405854,47
4b227fe93.jpg,w_17b0d3a,33
4b2678972.jpg,w_23a388d,73
4b29d0885.jpg,w_03670aa,20
4b3abf879.jpg,w_564a34b,51
4b6831b73.jpg,w_3de579a,54
4b71fcc56.jpg,w_d405854,47
4b8212256.jpg,w_564a34b,51
4bd09e7eb.jpg,w_fec331a,11
4bd167713.jpg,w_1ca9ab1,34
4be97b307.jpg,w_55b77ce,13
4c1150745.jpg,w_4516d31,11
4c19af401.jpg,w_bfcad53,25
4c341979e.jpg,w_60cf87c,22
4c39bca0e.jpg,w_b938e96,15
4c3dc5e07.jpg,w_59052ad,29
4c3f1721a.jpg,w_df32eec,13
4c4256cfb.jpg,w_9438119,16
4c6dc5e58.jpg,w_a113b33,20
4c707b23c.jpg,w_0ee7878,12
4c8249bbe.jpg,w_4c07458,16
4cb90f820.jpg,w_e27bbf6,19
4cbf580f9.jpg,w_eaed433,12
4cc7c734b.jpg,w_04003e9,30
4cd0d7178.jpg,w_ab2ac77,14
4cdb8c8dc.jpg,w_3de579a,54
4cf4184db.jpg,w_cc1784d,18
4d03cc52b.jpg,w_91cc02c,25
4d050298e.jpg,w_007fefa,17
4d0d2b77a.jpg,w_ae393cd,17
4d478723a.jpg,w_e07b79f,15
4d4cfd4a8.jpg,w_d8a47de,11
4d5d6461e.jpg,w_564a34b,51
4d8214aaa.jpg,w_f0eddab,15
4d9e8172d.jpg,w_b9e5911,24
4da3cf9ac.jpg,w_c25d2d1,19
4da42e23a.jpg,w_aa32f70,12
4db8c61cd.jpg,w_698fcbe,16
4dc36d838.jpg,w_733f661,17
4dc665d8f.jpg,w_5e8e218,40
4dc6796d4.jpg,w_9b5109b,65
4e2803603.jpg,w_83a4279,15
4e5231fc3.jpg,w_eba33fb,19
4e62cfc96.jpg,w_27597ff,24
4e6c0e6da.jpg,w_04003e9,30
4e824e5c5.jpg,w_0bc078c,24
4eba79ed5.jpg,w_a190a88,13
4ed43dd1b.jpg,w_a113b33,20
4ede10890.jpg,w_e2372d6,18
4eed9da1b.jpg,w_edce644,14
4f0120859.jpg,w_733f661,17
4f04a558d.jpg,w_b71ac68,16
4f0be568a.jpg,w_0b1e4a6,16
4f178ec06.jpg,w_3815890,21
4f1b79464.jpg,w_bfcad53,25
4f29124ec.jpg,w_5a2634c,37
4f3966d79.jpg,w_d405854,47
4f6ae6ccb.jpg,w_6cda039,31
4f7efdb64.jpg,w_dea40e2,14
4f8f4c78d.jpg,w_6e97ef4,15
4f93de1d5.jpg,w_2b4b82e,13
4f987e4b7.jpg,w_23a388d,73
4fa94d7be.jpg,w_04003e9,30
4fe46a8d0.jpg,w_0369a5c,61
4ff2cc2ca.jpg,w_fd6a3ad,30
500bb560e.jpg,w_700ebb4,57
501d4b884.jpg,w_a9304b9,37
503f485b7.jpg,w_9b5109b,65
505e859e3.jpg,w_242fb46,23
5069af2f0.jpg,w_b3ca4b7,16
5094e6fcf.jpg,w_be4f189,13
509919ca6.jpg,w_e07b79f,15
50a292567.jpg,w_3815890,21
50b25b545.jpg,w_91b678a,11
50c11a1d3.jpg,w_12cc52d,17
50da0f4dc.jpg,w_8a6a8d5,17
50eca13a6.jpg,w_0a155b9,24
510604444.jpg,w_b71ac68,16
51072b758.jpg,w_04003e9,30
511540bb9.jpg,w_700ebb4,57
5117e04c0.jpg,w_b3ca4b7,16
511834bc3.jpg,w_fd3e556,50
515d6eb11.jpg,w_9b5109b,65
51729898a.jpg,w_6caff0f,27
518140789.jpg,w_accb0cb,14
519d17b05.jpg,w_a9304b9,37
51a8fe7f6.jpg,w_d405854,47
51ae55704.jpg,w_23a388d,73
52196ec9d.jpg,w_bfe77d0,20
522897d8b.jpg,w_83a4279,15
524253588.jpg,w_4ab3420,11
525e00d3b.jpg,w_88e4537,49
526fdd865.jpg,w_fd6a3ad,30
5271b2ccd.jpg,w_b3ca4b7,16
527cd75e6.jpg,w_a9304b9,37
52930ba58.jpg,w_53feb91,17
5297b6c40.jpg,w_34120de,11
52e0fe943.jpg,w_0cbf1b3,12
5312c03bf.jpg,w_dea40e2,14
53293c1ea.jpg,w_6cda039,31
533329c32.jpg,w_dea40e2,14
5336ac99b.jpg,w_fd3e556,50
533f96782.jpg,w_51fc1fc,30
5354272d6.jpg,w_c25d2d1,19
53613fa13.jpg,w_08630fd,31
5363327d6.jpg,w_ac2c28e,11
536b3aeaa.jpg,w_efbdcbc,22
538eb9102.jpg,w_3de579a,54
5391283ef.jpg,w_5a2634c,37
53952ef60.jpg,w_edce644,14
53c38d05a.jpg,w_f74a89e,16
53efd45da.jpg,w_59052ad,29
53f504f45.jpg,w_242fb46,23
53fee1532.jpg,w_c1d2fbe,13
541a26aea.jpg,w_da011a1,15
541dda6ec.jpg,w_07768b0,11
541f95ed3.jpg,w_efbdcbc,22
54232cda9.jpg,w_700ebb4,57
542f7098e.jpg,w_accb0cb,14
5457aee09.jpg,w_75f6ffa,24
545ccd2cb.jpg,w_88e4537,49
548138df7.jpg,w_12cc52d,17
54a5608d9.jpg,w_ae8982d,12
54b3f0a87.jpg,w_242fb46,23
54cf1e896.jpg,w_5e8e218,40
54cfc2e29.jpg,w_2365d55,29
54f1d85a8.jpg,w_0369a5c,61
54fa760c1.jpg,w_c01c1f4,17
550773f24.jpg,w_bfcad53,25
550b7eb5a.jpg,w_0b1e4a6,16
550f4cbe5.jpg,w_5e8e218,40
551915060.jpg,w_700ebb4,57
5528335a0.jpg,w_efbdcbc,22
5537f20a2.jpg,w_eba33fb,19
55439f4de.jpg,w_04003e9,30
5549b0d9a.jpg,w_53215c6,14
5561a4810.jpg,w_007fefa,17
5561f8dc0.jpg,w_5a2634c,37
556e204e1.jpg,w_88e4537,49
557ab69dc.jpg,w_8da30ad,22
557c56974.jpg,w_04003e9,30
558a7db39.jpg,w_cd4cb49,24
55909c985.jpg,w_025911c,19
55923143f.jpg,w_60ce6fc,37
559706d7e.jpg,w_30f2f0f,12
55b03d783.jpg,w_9b5109b,65
55b35ed21.jpg,w_7c77c5c,12
55ea0207c.jpg,w_16b5050,12
55fdf90fd.jpg,w_242fb46,23
562e97ded.jpg,w_e2372d6,18
5642c4551.jpg,w_5a2634c,37
564949b0f.jpg,w_91cc02c,25
5693515f6.jpg,w_dd88965,16
56d956855.jpg,w_e27bbf6,19
57181a13e.jpg,w_b71ac68,16
57525f395.jpg,w_939423d,13
5752fec0b.jpg,w_d72771c,32
579a2b4b8.jpg,w_7d44896,19
579cb55a9.jpg,w_2e374c0,12
57bf92dc1.jpg,w_4ab3420,11
57c767d0a.jpg,w_3879fa0,17
57fab41e5.jpg,w_0bc078c,24
58181f87e.jpg,w_13aa123,12
582316a38.jpg,w_700ebb4,57
582bafa02.jpg,w_789c969,45
5856c176a.jpg,w_ab7c369,20
585887556.jpg,w_accb0cb,14
5872eadc8.jpg,w_67a9841,17
5879d4238.jpg,w_08630fd,31
58909134b.jpg,w_fbcfe74,11
589d15a99.jpg,w_d405854,47
58a1e51f4.jpg,w_789c969,45
58bc661b5.jpg,w_0135f5f,23
58f61e7f4.jpg,w_3de579a,54
590fd3ee0.jpg,w_3b03149,15
5926399be.jpg,w_90c9763,20
59410bb5b.jpg,w_4516ff1,21
594c893fe.jpg,w_3de579a,54
594eef588.jpg,w_db68456,18
5950a8b9e.jpg,w_b3ca4b7,16
596ed9430.jpg,w_89f6097,17
5992204a9.jpg,w_5e8e218,40
599f3f2e3.jpg,w_91cc02c,25
59ced9f36.jpg,w_9b5109b,65
59f1dcb97.jpg,w_b9c99cc,12
59f533487.jpg,w_f66ec54,11
5a122bd98.jpg,w_700ebb4,57
5a1ebb56b.jpg,w_23a388d,73
5a41c0fba.jpg,w_98d094e,16
5a42d8d25.jpg,w_07768b0,11
5a4661384.jpg,w_4690940,14
5a7bec9ca.jpg,w_6caff0f,27
5a9a11aae.jpg,w_bfe77d0,20
5aaa4d47e.jpg,w_07768b0,11
5ab08b3a8.jpg,w_d72771c,32
5ab821ac1.jpg,w_0ee7878,12
5ab96b897.jpg,w_34ecf36,18
5acff0e15.jpg,w_f0fe284,45
5ada27d25.jpg,w_08630fd,31
5adafc2cf.jpg,w_0ee7878,12
5af6fa8c1.jpg,w_23a388d,73
5b0cc1880.jpg,w_b938e96,15
5b0e76d75.jpg,w_90c9763,20
5b14cb0d0.jpg,w_9c506f6,62
5b199a5d0.jpg,w_d588fb4,14
5b3a8abe0.jpg,w_34ecf36,18
5b3f38dc8.jpg,w_b128587,15
5b45ac53f.jpg,w_700ebb4,57
5b52d4558.jpg,w_0a155b9,24
5b5a6d557.jpg,w_dee1053,17
5b64d5f31.jpg,w_94f41dc,11
5b913f7f7.jpg,w_ac2c28e,11
5b94984c6.jpg,w_e27bbf6,19
5ba541a4b.jpg,w_6e97ef4,15
5bc03c8ce.jpg,w_cda3971,12
5bc94a72c.jpg,w_6cda039,31
5bf44258a.jpg,w_778e474,40
5c029710f.jpg,w_83a4279,15
5c077dd40.jpg,w_00904a7,11
5c1239498.jpg,w_c1d2fbe,13
5c1e9e99a.jpg,w_ab2ac77,14
5c2d13c55.jpg,w_7e579dd,15
5c75dc38a.jpg,w_9da1811,21
5c77dcd23.jpg,w_4ab3420,11
5c7d4af51.jpg,w_27597ff,24
5cbc1f469.jpg,w_17b0d3a,33
5ce76306e.jpg,w_d405854,47
5d079345f.jpg,w_e1ffbe2,23
5d3948c2e.jpg,w_9c506f6,62
5d719d1a5.jpg,w_6822dbc,36
5d85d10e6.jpg,w_eba33fb,19
5d8811d79.jpg,w_f6c5343,17
5d961a109.jpg,w_bfe77d0,20
5dade3ee3.jpg,w_17b0d3a,33
5dae86fab.jpg,w_488865e,22
5db4348dd.jpg,w_0cbf1b3,12
5dbafcd1c.jpg,w_83b2336,11
5dcd654a1.jpg,w_c1efffb,11
5df887439.jpg,w_d72771c,32
5df8b0e34.jpg,w_f0fe284,45
5e045ff26.jpg,w_27597ff,24
5e0d14efe.jpg,w_7e579dd,15
5e1e740c7.jpg,w_fd3e556,50
5e2467731.jpg,w_75f6ffa,24
5e27cc7f3.jpg,w_7d44896,19
5e30f61ab.jpg,w_60cf87c,22
5e3c3eece.jpg,w_4516ff1,21
5e5592a04.jpg,w_698fcbe,16
5e820d56a.jpg,w_7e2eb3d,18
5e8632b10.jpg,w_ae8982d,12
5e8bd31a3.jpg,w_0bc078c,24
5e8f3a16b.jpg,w_17b0d3a,33
5e94e246f.jpg,w_c875e45,15
5ee059bf4.jpg,w_c1efffb,11
5ee98ae0c.jpg,w_939423d,13
5eec0e510.jpg,w_60ce6fc,37
5efaee481.jpg,w_9c506f6,62
5f07ed369.jpg,w_ab7c369,20
5f115fa0e.jpg,w_d8a47de,11
5f1b7de72.jpg,w_488865e,22
5f37a8fb3.jpg,w_17b0d3a,33
5f420b231.jpg,w_23a388d,73
5f447e972.jpg,w_13aa123,12
5f85a5f8a.jpg,w_e27bbf6,19
5f9d88a4e.jpg,w_778e474,40
5fa077c35.jpg,w_fd3e556,50
5fa518bea.jpg,w_9438119,16
5fa7b78d5.jpg,w_67a9841,17
5fbbf0cbb.jpg,w_488865e,22
5fe43fc9f.jpg,w_c0d11da,15
5fea030a7.jpg,w_75f6ffa,24
5ff37ee82.jpg,w_23a388d,73
600c5b230.jpg,w_3de579a,54
603cdf00e.jpg,w_0cbf1b3,12
60410f111.jpg,w_025911c,19
6045575a7.jpg,w_6e97ef4,15
6051ba56b.jpg,w_8da30ad,22
6063aa592.jpg,w_dd944b7,11
6064eff58.jpg,w_f0eddab,15
608cc339e.jpg,w_0ee7878,12
608f9b9e9.jpg,w_9c506f6,62
60ae815d1.jpg,w_564a34b,51
60c0224c8.jpg,w_da011a1,15
60fd46031.jpg,w_0a155b9,24
6104af843.jpg,w_aa32f70,12
612f4bdc6.jpg,w_6822dbc,36
6132f858d.jpg,w_88e4537,49
6138dce83.jpg,w_db68456,18
61445c584.jpg,w_2e374c0,12
614c4e4d5.jpg,w_d405854,47
614c737c2.jpg,w_778e474,40
614f10ee7.jpg,w_16b5050,12
61747578d.jpg,w_0369a5c,61
6183d39b6.jpg,w_3815890,21
619c7b55b.jpg,w_75f6ffa,24
619d16c96.jpg,w_a9304b9,37
61ad2ad83.jpg,w_0f8b8e2,11
61b650708.jpg,w_f6c5343,17
61dde2884.jpg,w_700ebb4,57
61f59912b.jpg,w_f74a89e,16
61ff7c6c5.jpg,w_3de579a,54
620a09371.jpg,w_ae393cd,17
622108b47.jpg,w_ab7c369,20
622ad6e32.jpg,w_4c07458,16
624537afe.jpg,w_c55c51d,11
626392399.jpg,w_9b5109b,65
6276c95df.jpg,w_700ebb4,57
627dd7a49.jpg,w_5597026,21
629366e7e.jpg,w_0135f5f,23
62a137f79.jpg,w_9d56f22,11
62a5c0e8d.jpg,w_5a2634c,37
6307d3262.jpg,w_91b678a,11
631615c0d.jpg,w_91b678a,11
633c4416c.jpg,w_4516ff1,21
633d68f34.jpg,w_cda3971,12
634352a67.jpg,w_3de579a,54
63478959b.jpg,w_0369a5c,61
634cd019c.jpg,w_9c506f6,62
6355c5641.jpg,w_9b5109b,65
6390d0a8f.jpg,w_733f661,17
63944c190.jpg,w_d980663,16
63987cd12.jpg,w_5597026,21
63ae28c53.jpg,w_f0fe284,45
63b5408c3.jpg,w_d405854,47
63b58e77c.jpg,w_f0fe284,45
63c8c05a7.jpg,w_fbcfe74,11
63fd8d183.jpg,w_778e474,40
64371b99d.jpg,w_34120de,11
645307b04.jpg,w_94f41dc,11
64607f7fd.jpg,w_218fe4a,13
6465ac670.jpg,w_4c07458,16
646a37762.jpg,w_eaed433,12
648235a59.jpg,w_b9c99cc,12
649733b79.jpg,w_55b77ce,13
64a4e8e0a.jpg,w_1ca9ab1,34
64ad3b4cd.jpg,w_55b77ce,13
64c977440.jpg,w_b3ca4b7,16
64d74fbbe.jpg,w_9c506f6,62
64e762ce4.jpg,w_fec331a,11
64e7c9d9b.jpg,w_9438119,16
64e832cf4.jpg,w_f0fe284,45
64ec05373.jpg,w_90c9763,20
64fc5e880.jpg,w_04003e9,30
64fd8b71b.jpg,w_fd6a3ad,30
6505aba3d.jpg,w_27597ff,24
65131b5fc.jpg,w_6822dbc,36
651bef009.jpg,w_e1ffbe2,23
651dce4fb.jpg,w_6822dbc,36
6545ebf73.jpg,w_62c78f3,14
65486b0cf.jpg,w_4690940,14
654d926ec.jpg,w_b3ca4b7,16
655bd57fc.jpg,w_e2372d6,18
655e5b607.jpg,w_9438119,16
655f1f15b.jpg,w_59052ad,29
659087602.jpg,w_700ebb4,57
65c4a7736.jpg,w_e27bbf6,19
65d0f87e6.jpg,w_cd4cb49,24
65e152308.jpg,w_f6c5343,17
65e648875.jpg,w_eba33fb,19
660ce1b74.jpg,w_4690940,14
6619bec59.jpg,w_c8d5ad5,11
661e90403.jpg,w_591a2c5,15
6622b7f2c.jpg,w_939423d,13
66313378e.jpg,w_6caff0f,27
66346f2b8.jpg,w_a113b33,20
6650aaa8b.jpg,w_efbdcbc,22
6657fc566.jpg,w_d573a68,19
6672b2f79.jpg,w_fd3e556,50
66acab6e6.jpg,w_fd6a3ad,30
66dcffd2c.jpg,w_d405854,47
66f3dab5c.jpg,w_57aeea3,11
6734ad6a6.jpg,w_d588fb4,14
675230b8c.jpg,w_94a7669,11
6753501e1.jpg,w_aa0dacc,12
6757a3c43.jpg,w_cc1784d,18
679958ab0.jpg,w_1d0830e,11
679a11a7d.jpg,w_6e97ef4,15
67a2a784d.jpg,w_3de579a,54
67b724634.jpg,w_b9e5911,24
67caa277c.jpg,w_e27bbf6,19
67d63f17a.jpg,w_f6c5343,17
67f43f11e.jpg,w_c6fe966,16
680070ef1.jpg,w_88e4537,49
6812bb3b5.jpg,w_d72771c,32
683707539.jpg,w_d97c490,11
683b3d7f5.jpg,w_0369a5c,61
68580b658.jpg,w_2b4b82e,13
685ace397.jpg,w_60ce6fc,37
687b4a187.jpg,w_218fe4a,13
6889b5f78.jpg,w_34ecf36,18
68c5318b7.jpg,w_a190a88,13
68d3b0bc4.jpg,w_fec331a,11
69174f6ce.jpg,w_2365d55,29
69188f610.jpg,w_f765256,34
694146fe2.jpg,w_d405854,47
69504ab14.jpg,w_9c506f6,62
6950e84f2.jpg,w_f765256,34
69647c7ce.jpg,w_fbcfe74,11
697ccabcf.jpg,w_698fcbe,16
69823499d.jpg,w_23a388d,73
69b5c19d3.jpg,w_4a28f21,13
69de95323.jpg,w_4690940,14
69e6411ab.jpg,w_6822dbc,36
69f62f2a4.jpg,w_d8a47de,11
6a09bf9c2.jpg,w_3815890,21
6a0cd4d60.jpg,w_0bc078c,24
6a211f628.jpg,w_88e4537,49
6a2de0eb2.jpg,w_3de579a,54
6a38cb717.jpg,w_4516d31,11
6a446a2fa.jpg,w_f765256,34
6a71f51dd.jpg,w_0135f5f,23
6a744f6d8.jpg,w_1ca9ab1,34
6a83257d3.jpg,w_bc285a6,21
6aa72317e.jpg,w_88e4537,49
6aa9b430b.jpg,w_15951db,11
6ad0d476d.jpg,w_ae393cd,17
6ad448ad7.jpg,w_007fefa,17
6ad776e8c.jpg,w_f602022,12
6ae34d783.jpg,w_f74a89e,16
6af30a730.jpg,w_59052ad,29
6af6dbf5a.jpg,w_7e579dd,15
6b0180ef3.jpg,w_fbcfe74,11
6b049fd9e.jpg,w_939423d,13
6b51326b9.jpg,w_f602022,12
6b609cdf2.jpg,w_3002b59,11
6b674012a.jpg,w_fec331a,11
6b7edd56a.jpg,w_db68456,18
6b9bb2564.jpg,w_ae393cd,17
6b9c54328.jpg,w_cd4cb49,24
6bbef98e2.jpg,w_e2372d6,18
6bc6682fe.jpg,w_b938e96,15
6bc709582.jpg,w_b9e5911,24
6bd5e2d18.jpg,w_b5e6c80,11
6c2fb0b49.jpg,w_55b77ce,13
6c3e180c8.jpg,w_b5e6c80,11
6c42cf29d.jpg,w_0135f5f,23
6c4e0fec0.jpg,w_d8a47de,11
6c6d5d7a4.jpg,w_23a388d,73
6c9582ded.jpg,w_5e8e218,40
6ca37fe7c.jpg,w_00904a7,11
6ca86d2ef.jpg,w_6cda039,31
6cb35dbbc.jpg,w_ae8982d,12
6cd17961d.jpg,w_d494351,13
6cd6af075.jpg,w_bfcad53,25
6ce08868e.jpg,w_8003858,12
6ce806022.jpg,w_ac2c28e,11
6cf35eb65.jpg,w_08630fd,31
6d053e4a4.jpg,w_03670aa,20
6d15db192.jpg,w_0135f5f,23
6d1adfcb3.jpg,w_8da30ad,22
6d38aa05c.jpg,w_dd944b7,11
6d46ed5b8.jpg,w_700ebb4,57
6d5511c9b.jpg,w_242fb46,23
6d56a998e.jpg,w_03670aa,20
6d5835281.jpg,w_0135f5f,23
6d63214f0.jpg,w_ae393cd,17
6d6731bbb.jpg,w_d405854,47
6d96ef90c.jpg,w_dd88965,16
6d9fb3ba6.jpg,w_d72771c,32
6da1cceeb.jpg,w_cc1784d,18
6dabeae0e.jpg,w_30f2f0f,12
6dd634a4d.jpg,w_f7cd240,12
6de060aac.jpg,w_4690940,14
6df79cf3f.jpg,w_b9c99cc,12
6e1ea9457.jpg,w_c0d11da,15
6e2633c52.jpg,w_0369a5c,61
6e3154fad.jpg,w_c25d2d1,19
6e37cdae9.jpg,w_0bc078c,24
6e42ecb6f.jpg,w_5e8e218,40
6e46dec13.jpg,w_be4f189,13
6e6b5f889.jpg,w_6822dbc,36
6e74208c6.jpg,w_581ba42,14
6e8f09b5f.jpg,w_c1d2fbe,13
6e9c8d590.jpg,w_5a2634c,37
6ebaf9d1b.jpg,w_df32eec,13
6ec807f6d.jpg,w_be4f189,13
6ed14ca47.jpg,w_efbdcbc,22
6ee6775b6.jpg,w_f765256,34
6eea6df10.jpg,w_3879fa0,17
6eec8fadc.jpg,w_7e2eb3d,18
6ef8c7049.jpg,w_700ebb4,57
6eff46d98.jpg,w_60ce6fc,37
6f0e2c090.jpg,w_bfcad53,25
6f1291447.jpg,w_94f41dc,11
6f297824e.jpg,w_62c78f3,14
6f306b011.jpg,w_ab7c369,20
6f40a2433.jpg,w_9438119,16
6f515a33f.jpg,w_5e8e218,40
6f58c9ded.jpg,w_5e8e218,40
6f5d7c6cf.jpg,w_3de579a,54
6f68a7ea0.jpg,w_dee1053,17
6f6be84ca.jpg,w_ac2c28e,11
6f750f414.jpg,w_778e474,40
6f7abb1be.jpg,w_f48451c,14
6f804166f.jpg,w_15951db,11
6fa763eba.jpg,w_e07b79f,15
6faef4f7b.jpg,w_9da1811,21
6fba2366d.jpg,w_accb0cb,14
6ffa197bb.jpg,w_939423d,13
70029fb9f.jpg,w_0369a5c,61
700d84b30.jpg,w_62c78f3,14
7012c94b8.jpg,w_6caff0f,27
7016e8518.jpg,w_57aeea3,11
703d37c5a.jpg,w_f6c5343,17
703ed9cc0.jpg,w_733f661,17
705d108fa.jpg,w_5e8e218,40
7081b2cbb.jpg,w_4516d31,11
709817b91.jpg,w_a9304b9,37
70a80c2fc.jpg,w_4516ff1,21
70b8dca9b.jpg,w_9a1a810,14
70c60ea38.jpg,w_025911c,19
70ced4a03.jpg,w_9da1811,21
70d2efb61.jpg,w_ab7c369,20
70d484559.jpg,w_f0fe284,45
70d855b63.jpg,w_c8d5ad5,11
7100b64f2.jpg,w_3de579a,54
711c3827e.jpg,w_1ca9ab1,34
712fc66f5.jpg,w_9b5109b,65
714d74f90.jpg,w_f602022,12
714f9e566.jpg,w_efbdcbc,22
71620fa91.jpg,w_03670aa,20
716f109e1.jpg,w_12cc52d,17
71b00cc8e.jpg,w_db68456,18
71b9dfe83.jpg,w_d588fb4,14
71cb906fd.jpg,w_60cf87c,22
71f3d86b6.jpg,w_025911c,19
71f464c55.jpg,w_9d86594,16
7215b4a12.jpg,w_581ba42,14
721af354b.jpg,w_2e374c0,12
72247654d.jpg,w_564a34b,51
7225578ee.jpg,w_9b5109b,65
723d4f08e.jpg,w_3879fa0,17
728573c50.jpg,w_17b0d3a,33
72983b939.jpg,w_94a7669,11
72a1f9704.jpg,w_ac2c28e,11
72a2fd5b3.jpg,w_b71ac68,16
72c22f3f4.jpg,w_8a6a8d5,17
72d253660.jpg,w_f765256,34
72d78f3eb.jpg,w_08630fd,31
72ea5026c.jpg,w_98d094e,16
72ead0a4d.jpg,w_0ee7878,12
730459848.jpg,w_789c969,45
7308f370d.jpg,w_3b03149,15
730e38be3.jpg,w_0369a5c,61
73135d38c.jpg,w_04003e9,30
731971c72.jpg,w_d494351,13
735964710.jpg,w_88e4537,49
7399db6cb.jpg,w_c55c51d,11
73c746543.jpg,w_700ebb4,57
7410dbdef.jpg,w_f66ec54,11
742a3195d.jpg,w_4a28f21,13
7444192d3.jpg,w_bb2c919,12
744fd32ec.jpg,w_ef83760,21
747622e89.jpg,w_c1efffb,11
7482707a6.jpg,w_fd3e556,50
74868978a.jpg,w_1b0db58,15
748dac31b.jpg,w_c1efffb,11
749bd29f4.jpg,w_dd88965,16
74ce64b9d.jpg,w_5e8e218,40
74d8ea620.jpg,w_bfe77d0,20
74e0e92c8.jpg,w_d405854,47
74ef55dfa.jpg,w_83a4279,15
751b4e78b.jpg,w_5a2634c,37
752a25c1a.jpg,w_51fc1fc,30
75385c608.jpg,w_564a34b,51
756f90134.jpg,w_d72771c,32
7575985c5.jpg,w_564a34b,51
75ad5e6b0.jpg,w_04003e9,30
75bd7bba0.jpg,w_ab2ac77,14
75f13f76e.jpg,w_ab7c369,20
75fdb22ae.jpg,w_1d0830e,11
75ff0c0e5.jpg,w_f7cd240,12
7615831ce.jpg,w_16b5050,12
763a29b8b.jpg,w_9d56f22,11
763a8ec00.jpg,w_dee1053,17
7653410cb.jpg,w_9d86594,16
7667bb561.jpg,w_90c9763,20
76730b38a.jpg,w_6cda039,31
7677ef3c5.jpg,w_88e4537,49
7678a0178.jpg,w_2365d55,29
767b2b9cd.jpg,w_4516ff1,21
76a9dee30.jpg,w_3de579a,54
76aa2ece2.jpg,w_8a6a8d5,17
76be4986b.jpg,w_edce644,14
76c6cd1b1.jpg,w_dea40e2,14
76c912390.jpg,w_e1ffbe2,23
76d485735.jpg,w_7d44896,19
76f0df853.jpg,w_b128587,15
76f37b142.jpg,w_c25d2d1,19
771215fdd.jpg,w_8a6a8d5,17
772734376.jpg,w_60ce6fc,37
772d81906.jpg,w_6cda039,31
772e2102b.jpg,w_da011a1,15
77738baf5.jpg,w_0369a5c,61
777c305a4.jpg,w_9c506f6,62
778524ef9.jpg,w_698fcbe,16
7796b3b95.jpg,w_d494351,13
77977d043.jpg,w_88e4537,49
7798cad6e.jpg,w_778e474,40
779fb45f0.jpg,w_dd88965,16
77a44bf94.jpg,w_f48451c,14
77a5d0fa1.jpg,w_13aa123,12
77c1139d0.jpg,w_0f8b8e2,11
77fae8d38.jpg,w_accb0cb,14
77fd2d6fc.jpg,w_90c9763,20
77fd4840e.jpg,w_34120de,11
7800679f5.jpg,w_51fc1fc,30
780259684.jpg,w_ab7c369,20
781872507.jpg,w_88e4537,49
7845b7ad8.jpg,w_fd3e556,50
788c4803e.jpg,w_e1ffbe2,23
78a03b758.jpg,w_b9c99cc,12
78a8513fc.jpg,w_1d0830e,11
78abbd668.jpg,w_f0fe284,45
78b6ecb10.jpg,w_8003858,12
78cbd2710.jpg,w_c25d2d1,19
78d259ec3.jpg,w_b71ac68,16
78d2e44ee.jpg,w_e1ffbe2,23
78e4be95a.jpg,w_4516ff1,21
78f4b7592.jpg,w_f7cd240,12
790ef1a52.jpg,w_8da30ad,22
7913a0dc5.jpg,w_939423d,13
792a67050.jpg,w_23a388d,73
79428bc04.jpg,w_fd3e556,50
794e5798b.jpg,w_60ce6fc,37
796748ca7.jpg,w_13aa123,12
7986dd320.jpg,w_4516ff1,21
79c77838d.jpg,w_f48451c,14
79f0f7196.jpg,w_9c506f6,62
79f8ad994.jpg,w_cbb15d2,11
7a19cbd2a.jpg,w_08630fd,31
7a3455765.jpg,w_564a34b,51
7a482de13.jpg,w_8a6a8d5,17
7a5340d2d.jpg,w_b5e6c80,11
7a60d41c5.jpg,w_03670aa,20
7a6e65900.jpg,w_6caff0f,27
7a774a655.jpg,w_ae393cd,17
7a9f119f3.jpg,w_f0fe284,45
7abbdf3cc.jpg,w_53feb91,17
7acb67567.jpg,w_aa0dacc,12
7afef4a83.jpg,w_00904a7,11
7affe44d8.jpg,w_c01c1f4,17
7b2805b8d.jpg,w_c25d2d1,19
7b2b6d8a6.jpg,w_60cf87c,22
7b3175f06.jpg,w_0ee7878,12
7b507c0c8.jpg,w_1ca9ab1,34
7b5a06584.jpg,w_3879fa0,17
7b6e4a763.jpg,w_700ebb4,57
7baac803e.jpg,w_d72771c,32
7bb85f0f6.jpg,w_5597026,21
7bd896845.jpg,w_0a155b9,24
7be9c59f8.jpg,w_90c9763,20
7bfe99d6f.jpg,w_f66ec54,11
7c1501aca.jpg,w_564a34b,51
7c1527873.jpg,w_6822dbc,36
7c1918c93.jpg,w_6822dbc,36
7c2ed3432.jpg,w_025911c,19
7c38585cb.jpg,w_df32eec,13
7c3ed439b.jpg,w_a9304b9,37
7c470d974.jpg,w_4516d31,11
7c67bbafd.jpg,w_396c12b,11
7c7081757.jpg,w_13aa123,12
7c78d8ef1.jpg,w_94a7669,11
7c7a054df.jpg,w_c6b4d61,17
7c8292b22.jpg,w_c875e45,15
7ca718e15.jpg,w_191bce3,14
7cb532c20.jpg,w_accb0cb,14
7cc2eb7a9.jpg,w_1ca9ab1,34
7ccb46ea2.jpg,w_30f2f0f,12
7cd8b360c.jpg,w_23a388d,73
7cdf4a0c2.jpg,w_4516ff1,21
7d0959de5.jpg,w_7c77c5c,12
7d554c803.jpg,w_60cf87c,22
7d7420437.jpg,w_d97c490,11
7d7d8aba1.jpg,w_0ee7878,12
7d9241b94.jpg,w_cda3971,12
7da7f8bb9.jpg,w_3de579a,54
7dadaa49f.jpg,w_d573a68,19
7dc5b3dfb.jpg,w_bb2c919,12
7dda85fa3.jpg,w_23a388d,73
7de685b14.jpg,w_91b678a,11
7e261dae1.jpg,w_939423d,13
7e3764b35.jpg,w_be4f189,13
7e3d5692c.jpg,w_62c78f3,14
7e48fda95.jpg,w_c1efffb,11
7e677468c.jpg,w_4c07458,16
7e82f92ee.jpg,w_23a388d,73
7e8f5731b.jpg,w_7e2eb3d,18
7e9c73f50.jpg,w_17b0d3a,33
7ebb0d537.jpg,w_b9e5911,24
7ebf66bad.jpg,w_a6703dd,11
7ec61dd72.jpg,w_0b1e4a6,16
7ee0c373a.jpg,w_cc1784d,18
7ef14a014.jpg,w_0369a5c,61
7f06b6569.jpg,w_8003858,12
7f17bac3a.jpg,w_4516d31,11
7f28d6961.jpg,w_60cf87c,22
7f3b3a6c0.jpg,w_bfe77d0,20
7f58f245e.jpg,w_53215c6,14
7f5cb7222.jpg,w_9da1811,21
7f5dde0c7.jpg,w_789c969,45
7f75f4c9c.jpg,w_733f661,17
7f7a39186.jpg,w_9da1811,21
7f9be797b.jpg,w_700ebb4,57
7fa2d3cfe.jpg,w_94a7669,11
7fb338aa0.jpg,w_3de579a,54
7fcb6ab12.jpg,w_23a388d,73
7fd100cd9.jpg,w_b9e5911,24
7feb6b71e.jpg,w_51fc1fc,30
7ffb1652d.jpg,w_bc285a6,21
800ac9c4c.jpg,w_778e474,40
80156cbb8.jpg,w_59052ad,29
8019c56b3.jpg,w_c875e45,15
802681c94.jpg,w_3de579a,54
802a5e2a1.jpg,w_15951db,11
803515118.jpg,w_f765256,34
803946295.jpg,w_789c969,45
806d85624.jpg,w_f0eddab,15
807c5b847.jpg,w_0ee7878,12
807fbffce.jpg,w_0a155b9,24
808088a49.jpg,w_488865e,22
80ac60c68.jpg,w_c875e45,15
80b04198c.jpg,w_14330a0,12
80c969923.jpg,w_0b1e4a6,16
80dff8918.jpg,w_0135f5f,23
80e706d56.jpg,w_9d86594,16
80ec5f45d.jpg,w_bf960fa,13
80efd7b6e.jpg,w_fd6a3ad,30
80ff1a19e.jpg,w_6e97ef4,15
81027efba.jpg,w_6822dbc,36
810bb3989.jpg,w_9c506f6,62
810e013bd.jpg,w_be4f189,13
811170010.jpg,w_2e374c0,12
811be94cc.jpg,w_5773c71,23
8140ae072.jpg,w_d573a68,19
814ebcb37.jpg,w_5a2634c,37
8159ad49a.jpg,w_df32eec,13
81787a873.jpg,w_fd3e556,50
818029ec2.jpg,w_27597ff,24
8180c1ef0.jpg,w_0369a5c,61
819980ff5.jpg,w_700ebb4,57
81b79b1fd.jpg,w_fd3e556,50
81bd035f5.jpg,w_89f6097,17
81c910b6e.jpg,w_5e8e218,40
81c947c7a.jpg,w_789c969,45
81d69b10c.jpg,w_3815890,21
820088cd5.jpg,w_ab7c369,20
821e04d17.jpg,w_dee1053,17
822526061.jpg,w_5e8e218,40
8238b5b87.jpg,w_03670aa,20
823a8f8c3.jpg,w_b3ca4b7,16
8241486ad.jpg,w_eba33fb,19
826c82493.jpg,w_9d56f22,11
82788a404.jpg,w_50fd107,11
8282ee983.jpg,w_efbdcbc,22
828d8d0d1.jpg,w_bb2c919,12
8294e5a2d.jpg,w_d588fb4,14
82a3698f5.jpg,w_d980663,16
82aab5924.jpg,w_ab7c369,20
82b65b762.jpg,w_04003e9,30
82b7870b8.jpg,w_3de579a,54
82d263501.jpg,w_a6703dd,11
82efb5d40.jpg,w_f0fe284,45
82f7350f1.jpg,w_9c506f6,62
83171df9f.jpg,w_5a2634c,37
8338c763f.jpg,w_eaed433,12
8364a2478.jpg,w_60ce6fc,37
837cfabb3.jpg,w_0a155b9,24
837efbd83.jpg,w_f765256,34
839e70552.jpg,w_218fe4a,13
83b05a2f1.jpg,w_5e8e218,40
83d05c936.jpg,w_37d2f3a,12
83d05e445.jpg,w_564a34b,51
83f06ec46.jpg,w_55b77ce,13
83ffb4b7a.jpg,w_9b5109b,65
840905c1a.jpg,w_dea40e2,14
84253bfed.jpg,w_9b5109b,65
842f752a3.jpg,w_191bce3,14
844fafccf.jpg,w_5773c71,23
848acc823.jpg,w_60ce6fc,37
84927cef0.jpg,w_581ba42,14
8493dc51b.jpg,w_9c506f6,62
8498fec74.jpg,w_0a155b9,24
849933cce.jpg,w_3002b59,11
84b3e2027.jpg,w_12cc52d,17
84c2cb2d6.jpg,w_0369a5c,61
84c7e1b82.jpg,w_f0fe284,45
84cf7bb4a.jpg,w_9b5109b,65
84e033999.jpg,w_d494351,13
84edbd5d3.jpg,w_fd6a3ad,30
84f20a5d5.jpg,w_4a28f21,13
850838d49.jpg,w_c875e45,15
85332a7b4.jpg,w_025911c,19
85369a41f.jpg,w_c6b4d61,17
85502485e.jpg,w_aa32f70,12
8584d446e.jpg,w_59052ad,29
858602a7d.jpg,w_88e4537,49
85a353317.jpg,w_17b0d3a,33
85a874d1f.jpg,w_8003858,12
85af2f596.jpg,w_564a34b,51
85e9f9783.jpg,w_0369a5c,61
85f87740e.jpg,w_789c969,45
85fe68ac3.jpg,w_8da30ad,22
8619ac6dd.jpg,w_8a6a8d5,17
861a6f074.jpg,w_b3cc7b3,11
8642fa3a7.jpg,w_b938e96,15
867b2c11b.jpg,w_3879fa0,17
8688942a4.jpg,w_eba33fb,19
86a354011.jpg,w_7d44896,19
86a8a517f.jpg,w_75f6ffa,24
86d4ad12e.jpg,w_17b0d3a,33
86ea371bd.jpg,w_2365d55,29
86ed545fc.jpg,w_f765256,34
870608e95.jpg,w_700ebb4,57
87075fc00.jpg,w_da011a1,15
870b8b595.jpg,w_789c969,45
87270254d.jpg,w_2365d55,29
873852b37.jpg,w_03670aa,20
874265bdf.jpg,w_5a2634c,37
876f9a8e2.jpg,w_9c506f6,62
8772902f8.jpg,w_15951db,11
877cd4a6a.jpg,w_c8d5ad5,11
877e3feda.jpg,w_564a34b,51
878e457e5.jpg,w_488865e,22
87a14e263.jpg,w_a6703dd,11
87b834b58.jpg,w_bfcad53,25
87c62a64f.jpg,w_67a9841,17
87c6b6897.jpg,w_d494351,13
87cd0cbef.jpg,w_e07b79f,15
87d5a2e91.jpg,w_b9e5911,24
87def6a83.jpg,w_c1efffb,11
87e5dde9f.jpg,w_242fb46,23
87e9576ae.jpg,w_700ebb4,57
87ec4811e.jpg,w_23a388d,73
87facc0bd.jpg,w_98d094e,16
8802985d0.jpg,w_94a7669,11
880e44aa5.jpg,w_488865e,22
881deb673.jpg,w_14330a0,12
88285e65a.jpg,w_a9304b9,37
8839e8ff0.jpg,w_13aa123,12
88416cd68.jpg,w_eaed433,12
8849feb4c.jpg,w_4c07458,16
8865153d7.jpg,w_1ca9ab1,34
88ba1525a.jpg,w_e07b79f,15
88cb6f0d5.jpg,w_5597026,21
88e04094e.jpg,w_59052ad,29
88f27dd8e.jpg,w_d97c490,11
890572afe.jpg,w_fd6a3ad,30
890b39e43.jpg,w_f765256,34
8918091ee.jpg,w_778e474,40
892e41509.jpg,w_edce644,14
892e47884.jpg,w_0369a5c,61
893c35a9a.jpg,w_2365d55,29
8951a26a6.jpg,w_dee1053,17
89803cf8e.jpg,w_9b5109b,65
898211608.jpg,w_df32eec,13
899c0d7fe.jpg,w_c875e45,15
89a1a7fae.jpg,w_a113b33,20
89afd1952.jpg,w_564a34b,51
89b00d9a7.jpg,w_23a388d,73
89b1d7488.jpg,w_564a34b,51
89bf0987d.jpg,w_30f2f0f,12
89d8c4a4b.jpg,w_d980663,16
8a0a847bf.jpg,w_27597ff,24
8a1a25dab.jpg,w_5a2634c,37
8a1c28518.jpg,w_d97c490,11
8a1d7cc66.jpg,w_0135f5f,23
8a2352995.jpg,w_eaed433,12
8a2d327e1.jpg,w_0f8b8e2,11
8a36c79c4.jpg,w_9b5109b,65
8a36fb70b.jpg,w_4690940,14
8a40af313.jpg,w_d573a68,19
8a457c898.jpg,w_3002b59,11
8a6144f37.jpg,w_591a2c5,15
8a651c0af.jpg,w_f66ec54,11
8a7285244.jpg,w_ab7c369,20
8a8d3bda3.jpg,w_8a6a8d5,17
8a9eb3fa3.jpg,w_edce644,14
8ab55e5fb.jpg,w_0369a5c,61
8aca1060a.jpg,w_88e4537,49
8aec615b2.jpg,w_6cda039,31
8af345b21.jpg,w_700ebb4,57
8b051a887.jpg,w_e2372d6,18
8b0f0caa4.jpg,w_cc1784d,18
8b279f035.jpg,w_007fefa,17
8b369569b.jpg,w_cd4cb49,24
8b4685c68.jpg,w_d405854,47
8b51e7a1d.jpg,w_d573a68,19
8babd9049.jpg,w_03670aa,20
8bb6ac70c.jpg,w_91cc02c,25
8bdec57b5.jpg,w_5e8e218,40
8be0c62d2.jpg,w_1d0830e,11
8bfe10108.jpg,w_03670aa,20
8c03fde15.jpg,w_7c77c5c,12
8c0821d53.jpg,w_9b5109b,65
8c18f5ef4.jpg,w_23a388d,73
8c28c9a05.jpg,w_ae393cd,17
8c36b5f86.jpg,w_6caff0f,27
8c39358b7.jpg,w_53215c6,14
8c50ecf42.jpg,w_0135f5f,23
8c6460e79.jpg,w_e27bbf6,19
8c76b3c54.jpg,w_e27bbf6,19
8c7cfb96c.jpg,w_cbb15d2,11
8c96b5858.jpg,w_4516ff1,21
8c97c8b7c.jpg,w_700ebb4,57
8c9a928d2.jpg,w_9a1a810,14
8ca8d9d34.jpg,w_242fb46,23
8ccb065d2.jpg,w_025911c,19
8cd659a64.jpg,w_dee1053,17
8cfcac09c.jpg,w_fd3e556,50
8cfe78992.jpg,w_d980663,16
8d071ec8b.jpg,w_d8a47de,11
8d2236147.jpg,w_07768b0,11
8d3640a98.jpg,w_5773c71,23
8d4453e81.jpg,w_17b0d3a,33
8d452541c.jpg,w_4a28f21,13
8d490a51d.jpg,w_91cc02c,25
8d5148dd8.jpg,w_12cc52d,17
8d5c690ed.jpg,w_f765256,34
8d62f3aa5.jpg,w_8a6a8d5,17
8d7bac324.jpg,w_6822dbc,36
8d811e239.jpg,w_c01c1f4,17
8d9c5b4eb.jpg,w_08630fd,31
8dc9c679e.jpg,w_5e8e218,40
8dd500109.jpg,w_bfcad53,25
8df0b221f.jpg,w_9f13096,11
8df98d110.jpg,w_23a388d,73
8e04c5027.jpg,w_c25d2d1,19
8e09d2150.jpg,w_88e4537,49
8e24cd62d.jpg,w_b71ac68,16
8e4f01cb8.jpg,w_242fb46,23
8e6d570e4.jpg,w_23a388d,73
8e78db1ec.jpg,w_e27bbf6,19
8e7ab5a22.jpg,w_23a388d,73
8e9cd366c.jpg,w_c6fe966,16
8e9d4b41e.jpg,w_c55c51d,11
8eb5c001d.jpg,w_789c969,45
8ec227a2d.jpg,w_91cc02c,25
8ec2fa6cd.jpg,w_ab7c369,20
8ed127100.jpg,w_db68456,18
8ee36c58f.jpg,w_564a34b,51
8f1a0643f.jpg,w_3815890,21
8f1ead3b9.jpg,w_fbcfe74,11
8f2515247.jpg,w_d573a68,19
8f60e88d2.jpg,w_564a34b,51
8f6512e79.jpg,w_242fb46,23
8f758cf94.jpg,w_f74a89e,16
8f8e865a1.jpg,w_04003e9,30
8f94af03a.jpg,w_62c78f3,14
8fa189845.jpg,w_04003e9,30
8faa4c3dc.jpg,w_1b0db58,15
8fbbe7b96.jpg,w_26c0ffd,15
8fbfb1ded.jpg,w_4a28f21,13
8fe6a13cf.jpg,w_c01c1f4,17
901961c00.jpg,w_d980663,16
901b70cb6.jpg,w_67a9841,17
903476170.jpg,w_2b4b82e,13
9061e4fb6.jpg,w_60cf87c,22
9064d5875.jpg,w_f48451c,14
9064db0b4.jpg,w_c0d11da,15
906dce73e.jpg,w_51fc1fc,30
9074c1b18.jpg,w_16b5050,12
909415203.jpg,w_1b0db58,15
90a34c856.jpg,w_1b0db58,15
90ced6cbc.jpg,w_bfcad53,25
90d8c5875.jpg,w_60ce6fc,37
90df5d26d.jpg,w_191bce3,14
90ea72310.jpg,w_75f6ffa,24
90ed53864.jpg,w_700ebb4,57
913fa9827.jpg,w_e27bbf6,19
91479789e.jpg,w_f0eddab,15
9147c46b0.jpg,w_f6c5343,17
915468526.jpg,w_bfe77d0,20
9160a128d.jpg,w_fd3e556,50
917831cd2.jpg,w_591a2c5,15
917ba1170.jpg,w_4c07458,16
91819f087.jpg,w_d72771c,32
918426690.jpg,w_57aeea3,11
919d58179.jpg,w_23a388d,73
91a56fa0e.jpg,w_0bc078c,24
91be4e7db.jpg,w_242fb46,23
91c2dccf2.jpg,w_53215c6,14
9201eada4.jpg,w_f765256,34
9205a391a.jpg,w_94f41dc,11
920953a43.jpg,w_60cf87c,22
92398223e.jpg,w_ab2ac77,14
9264dd387.jpg,w_d8a47de,11
92862f523.jpg,w_f765256,34
92865e81d.jpg,w_9da1811,21
9296b4c3a.jpg,w_90c9763,20
929cb0fbe.jpg,w_04003e9,30
92d5a33c0.jpg,w_700ebb4,57
92dbceb59.jpg,w_59052ad,29
9305ab4c4.jpg,w_9438119,16
93074f980.jpg,w_7c77c5c,12
930cdbb31.jpg,w_13aa123,12
931a21ac9.jpg,w_fd3e556,50
931eb7c8e.jpg,w_6822dbc,36
9322ebf96.jpg,w_bfe77d0,20
932b7c831.jpg,w_b5e6c80,11
933e446ac.jpg,w_cd4cb49,24
934c7ee4e.jpg,w_a6703dd,11
935851f78.jpg,w_fbcfe74,11
93ab56312.jpg,w_5597026,21
93b9258bb.jpg,w_d405854,47
93d091bc1.jpg,w_8da30ad,22
93d871206.jpg,w_34120de,11
93ee3c598.jpg,w_30f2f0f,12
94346ceb9.jpg,w_0f8b8e2,11
9473bce30.jpg,w_0369a5c,61
9482d561b.jpg,w_dee1053,17
948e6400e.jpg,w_3de579a,54
949b3207c.jpg,w_13aa123,12
94cb521fb.jpg,w_3de579a,54
94d1c9b80.jpg,w_1ca9ab1,34
94d4c88f4.jpg,w_789c969,45
951344d33.jpg,w_c1efffb,11
953768181.jpg,w_6e97ef4,15
95455b7a5.jpg,w_eaed433,12
9559af634.jpg,w_a9304b9,37
95673e4a5.jpg,w_778e474,40
956930ec6.jpg,w_ef83760,21
95765c63a.jpg,w_3b03149,15
958ddc8a2.jpg,w_f74a89e,16
95a9f8b28.jpg,w_a9304b9,37
95acd37b5.jpg,w_fd3e556,50
95c07f300.jpg,w_d72771c,32
95df0c81c.jpg,w_f765256,34
960ead652.jpg,w_9c506f6,62
962e730e3.jpg,w_bfcad53,25
9640f0a22.jpg,w_789c969,45
9659257b6.jpg,w_51fc1fc,30
966400cc4.jpg,w_ef83760,21
966b0f7c3.jpg,w_2365d55,29
967338f4b.jpg,w_be4f189,13
96799c57c.jpg,w_08630fd,31
9682bf496.jpg,w_700ebb4,57
969277b89.jpg,w_9c506f6,62
96a062dd9.jpg,w_0135f5f,23
96b07fac4.jpg,w_83a4279,15
96b83ed11.jpg,w_9b5109b,65
96b887ea1.jpg,w_2365d55,29
96c469971.jpg,w_db68456,18
971bca37a.jpg,w_0b1e4a6,16
972893a51.jpg,w_23a388d,73
972c1e5a1.jpg,w_27597ff,24
9751c04ca.jpg,w_0135f5f,23
9758fee2d.jpg,w_aa0dacc,12
978e356de.jpg,w_60cf87c,22
9796f8163.jpg,w_396c12b,11
97a53ee82.jpg,w_f0fe284,45
97abf1d07.jpg,w_0135f5f,23
97bbaa304.jpg,w_007fefa,17
97da936c4.jpg,w_cd4cb49,24
97e46fd0c.jpg,w_59052ad,29
97e67c306.jpg,w_aa0dacc,12
97ee6dd93.jpg,w_778e474,40
97f8e9101.jpg,w_83a4279,15
9800da2fa.jpg,w_07768b0,11
9827fb662.jpg,w_7e2eb3d,18
984094265.jpg,w_88e4537,49
986e9796b.jpg,w_dd944b7,11
986ea1651.jpg,w_eba33fb,19
987e6b641.jpg,w_0b1e4a6,16
98f8ea68c.jpg,w_733f661,17
9939579b0.jpg,w_bf960fa,13
994a09961.jpg,w_e27bbf6,19
996357e1d.jpg,w_fd6a3ad,30
9963db752.jpg,w_98d094e,16
997aa3f23.jpg,w_51fc1fc,30
997ce1a3b.jpg,w_3de579a,54
9984d6765.jpg,w_eaed433,12
999efe4d2.jpg,w_a113b33,20
99a37f4d6.jpg,w_5a2634c,37
99bd7bfda.jpg,w_b938e96,15
99c282c4d.jpg,w_6caff0f,27
99ccfa2b7.jpg,w_a113b33,20
99ce90134.jpg,w_698fcbe,16
9a0bf1dcc.jpg,w_3002b59,11
9a3491fef.jpg,w_a190a88,13
9a3ea3da2.jpg,w_a9304b9,37
9a4ef09a4.jpg,w_6caff0f,27
9a5da24d6.jpg,w_9438119,16
9a5e5db5b.jpg,w_dd944b7,11
9a6a08ec6.jpg,w_0bc078c,24
9a81088ac.jpg,w_bfe77d0,20
9a839b9cb.jpg,w_9c506f6,62
9a87e9e7d.jpg,w_698fcbe,16
9aee441de.jpg,w_c1d2fbe,13
9af0cabb6.jpg,w_0369a5c,61
9af8c4c52.jpg,w_939423d,13
9afd104ad.jpg,w_a6703dd,11
9b0820ce9.jpg,w_9d56f22,11
9b25070c9.jpg,w_ef83760,21
9b484f982.jpg,w_60ce6fc,37
9b62c8a59.jpg,w_94a7669,11
9b638ad75.jpg,w_e2372d6,18
9bb2205c1.jpg,w_488865e,22
9bc5fab00.jpg,w_778e474,40
9bd5e4093.jpg,w_60cf87c,22
9bf17c28f.jpg,w_1b0db58,15
9bf97da50.jpg,w_0a155b9,24
9c0b2e885.jpg,w_26c0ffd,15
9c21ec805.jpg,w_bfcad53,25
9c441dbc8.jpg,w_c01c1f4,17
9c4a45ee6.jpg,w_fd6a3ad,30
9c5d90f3f.jpg,w_15951db,11
9c6ecde72.jpg,w_75f6ffa,24
9c823f33b.jpg,w_b3ca4b7,16
9c88e1f32.jpg,w_698fcbe,16
9c91b74c7.jpg,w_7d44896,19
9cff41b01.jpg,w_c25d2d1,19
9d123ed9b.jpg,w_f0fe284,45
9d2be2cb6.jpg,w_e27bbf6,19
9d2c4d9c4.jpg,w_e2372d6,18
9d2d26c60.jpg,w_57aeea3,11
9d3614996.jpg,w_bf960fa,13
9d3a0bf95.jpg,w_0369a5c,61
9d4b1ad44.jpg,w_62c78f3,14
9d5867d41.jpg,w_3b03149,15
9d7e111ce.jpg,w_fd3e556,50
9d9945607.jpg,w_90c9763,20
9da969f80.jpg,w_700ebb4,57
9db21b2af.jpg,w_53feb91,17
9db59ed83.jpg,w_6822dbc,36
9db9b9dde.jpg,w_d588fb4,14
9dcd23a2f.jpg,w_b5e6c80,11
9dd6a3f46.jpg,w_c01c1f4,17
9e1e3cea4.jpg,w_60ce6fc,37
9e1f7cc3c.jpg,w_0369a5c,61
9e23aabc4.jpg,w_0f8b8e2,11
9e37b66de.jpg,w_9f13096,11
9e3fb79eb.jpg,w_bfcad53,25
9e658afa0.jpg,w_23a388d,73
9e762a7e1.jpg,w_bc285a6,21
9e8998a35.jpg,w_5e8e218,40
9e8a641cd.jpg,w_03670aa,20
9e924e18d.jpg,w_23a388d,73
9eb38d187.jpg,w_191bce3,14
9ec80de4a.jpg,w_c0d11da,15
9ed79e3ae.jpg,w_bfcad53,25
9eeb016f8.jpg,w_778e474,40
9efc01fe3.jpg,w_0bc078c,24
9f2c07f35.jpg,w_c0d11da,15
9f392b088.jpg,w_778e474,40
9f5b24d95.jpg,w_bc285a6,21
9f6cc357a.jpg,w_9b5109b,65
9f6db48cd.jpg,w_778e474,40
9f8f6b2ca.jpg,w_e07b79f,15
9f90bab4c.jpg,w_7d44896,19
9fc5e1f2c.jpg,w_75f6ffa,24
9fc84d2ae.jpg,w_f48451c,14
9fcd7af75.jpg,w_025911c,19
a009df8a1.jpg,w_2b4b82e,13
a02679558.jpg,w_ae393cd,17
a030cc9ad.jpg,w_3b03149,15
a03c416f6.jpg,w_c25d2d1,19
a0616782d.jpg,w_16b5050,12
a06f4b6c5.jpg,w_b3ca4b7,16
a07160189.jpg,w_9d86594,16
a07716720.jpg,w_396c12b,11
a0ba92f44.jpg,w_9c506f6,62
a0c51615f.jpg,w_eaed433,12
a0ea7b9e0.jpg,w_15951db,11
a1051c478.jpg,w_0369a5c,61
a1052a97e.jpg,w_0369a5c,61
a11dbb881.jpg,w_34120de,11
a1214e4b8.jpg,w_12cc52d,17
a12685d9d.jpg,w_0b1e4a6,16
a1270b8cc.jpg,w_23a388d,73
a12b720e8.jpg,w_6822dbc,36
a1513484a.jpg,w_0ee7878,12
a1697c101.jpg,w_53215c6,14
a1849e29f.jpg,w_b9c99cc,12
a185bc3bc.jpg,w_c1d2fbe,13
a18c6d91a.jpg,w_23a388d,73
a19d4b460.jpg,w_b128587,15
a1e8342ce.jpg,w_59052ad,29
a1f3076c8.jpg,w_1d0830e,11
a1faac878.jpg,w_67a9841,17
a1fd2bf3c.jpg,w_efbdcbc,22
a23aefa69.jpg,w_8a6a8d5,17
a24ad6d7d.jpg,w_9438119,16
a2569287c.jpg,w_ae393cd,17
a25b9f2af.jpg,w_cd4cb49,24
a26b65e0b.jpg,w_a190a88,13
a290b92a7.jpg,w_700ebb4,57
a2cebb3ce.jpg,w_2365d55,29
a2d198146.jpg,w_91cc02c,25
a2db56e9f.jpg,w_fbcfe74,11
a2de940e9.jpg,w_6cda039,31
a2e01f223.jpg,w_0369a5c,61
a2f8ca3b7.jpg,w_30f2f0f,12
a302d811c.jpg,w_6e97ef4,15
a3057a62d.jpg,w_4516ff1,21
a3075f7a3.jpg,w_6cda039,31
a31637702.jpg,w_564a34b,51
a324e94fc.jpg,w_5773c71,23
a32a76da7.jpg,w_3de579a,54
a33407096.jpg,w_0a155b9,24
a336b25cf.jpg,w_bfe77d0,20
a35bb0c62.jpg,w_6caff0f,27
a3674cf19.jpg,w_d72771c,32
a37166b68.jpg,w_4ab3420,11
a3785aebd.jpg,w_75f6ffa,24
a37ab2a3f.jpg,w_cc1784d,18
a389136a2.jpg,w_e07b79f,15
a39babc55.jpg,w_d405854,47
a3acfda3d.jpg,w_cda3971,12
a3b9e8305.jpg,w_c1d2fbe,13
a3d3455ca.jpg,w_88e4537,49
a3e33a804.jpg,w_60ce6fc,37
a3f585c94.jpg,w_242fb46,23
a3fecae64.jpg,w_6cda039,31
a4043a114.jpg,w_6caff0f,27
a408ac501.jpg,w_4516d31,11
a41708032.jpg,w_c25d2d1,19
a418e5709.jpg,w_9d86594,16
a447dc6ae.jpg,w_17b0d3a,33
a454b8446.jpg,w_396c12b,11
a45d6d1f0.jpg,w_9c506f6,62
a4903960a.jpg,w_ac2c28e,11
a4ae3428f.jpg,w_be4f189,13
a4ba2b68b.jpg,w_700ebb4,57
a4c04ab5f.jpg,w_5a2634c,37
a4cd604be.jpg,w_8da30ad,22
a50a4929e.jpg,w_9da1811,21
a511f1690.jpg,w_db68456,18
a5152b724.jpg,w_e2372d6,18
a522c11bf.jpg,w_b128587,15
a53500d34.jpg,w_15951db,11
a53f22f56.jpg,w_12cc52d,17
a54316664.jpg,w_7d44896,19
a5506f54d.jpg,w_08630fd,31
a5644dc6d.jpg,w_4516ff1,21
a58fc70cd.jpg,w_7c77c5c,12
a5b093aa2.jpg,w_27597ff,24
a5c0823ba.jpg,w_0369a5c,61
a5c6fca90.jpg,w_edce644,14
a5e801bb2.jpg,w_59052ad,29
a5ebf7b7c.jpg,w_bfe77d0,20
a5ff08d72.jpg,w_2365d55,29
a60e47c55.jpg,w_23a388d,73
a610046fd.jpg,w_a9304b9,37
a615d69f9.jpg,w_0369a5c,61
a616f80f1.jpg,w_b938e96,15
a61b7a479.jpg,w_c6b4d61,17
a625592c3.jpg,w_b938e96,15
a6404c1f1.jpg,w_94f41dc,11
a64e475bd.jpg,w_f6c5343,17
a689505d6.jpg,w_3815890,21
a6ae5e132.jpg,w_4516d31,11
a6c17cb16.jpg,w_700ebb4,57
a6c9b5c71.jpg,w_733f661,17
a6d9e96f4.jpg,w_6caff0f,27
a6dd1b50b.jpg,w_03670aa,20
a6e02dfd4.jpg,w_a9304b9,37
a6e538653.jpg,w_2b4b82e,13
a70ce03c1.jpg,w_b3cc7b3,11
a7130cbb0.jpg,w_0bc078c,24
a71ed783f.jpg,w_53215c6,14
a728123bd.jpg,w_bfcad53,25
a7422cdb0.jpg,w_fd3e556,50
a7445912e.jpg,w_0369a5c,61
a74b22d29.jpg,w_eba33fb,19
a74e624c5.jpg,w_b938e96,15
a7505ae38.jpg,w_778e474,40
a7552646c.jpg,w_d573a68,19
a75ddf70c.jpg,w_f0fe284,45
a77256a87.jpg,w_700ebb4,57
a7758e22d.jpg,w_57aeea3,11
a7836d3ad.jpg,w_26c0ffd,15
a79868dfc.jpg,w_564a34b,51
a7995a92a.jpg,w_9da1811,21
a7b862ff3.jpg,w_3879fa0,17
a7cfde55c.jpg,w_9d56f22,11
a7d641c1f.jpg,w_cc1784d,18
a7d8bf1ad.jpg,w_12cc52d,17
a7ddfe7d9.jpg,w_23a388d,73
a7e25cad5.jpg,w_700ebb4,57
a7f1e6b35.jpg,w_3de579a,54
a7f365104.jpg,w_dee1053,17
a80028528.jpg,w_fd3e556,50
a80048f38.jpg,w_778e474,40
a81155e37.jpg,w_07768b0,11
a8151fe7c.jpg,w_4690940,14
a85342577.jpg,w_191bce3,14
a8739451e.jpg,w_9b5109b,65
a89525432.jpg,w_d97c490,11
a89b7798c.jpg,w_fd6a3ad,30
a8a7af726.jpg,w_6cda039,31
a8afa375a.jpg,w_3b03149,15
a8c360d83.jpg,w_242fb46,23
a8c74baa2.jpg,w_bf960fa,13
a8e442c41.jpg,w_5597026,21
a8eb2cd8c.jpg,w_c6fe966,16
a90ad765d.jpg,w_98d094e,16
a9269fb58.jpg,w_789c969,45
a9315e55e.jpg,w_c0d11da,15
a95733a8a.jpg,w_60ce6fc,37
a96090c67.jpg,w_59052ad,29
a979bf684.jpg,w_d588fb4,14
a97caed52.jpg,w_23a388d,73
a9804ae28.jpg,w_83b2336,11
a98a8dcb5.jpg,w_dea40e2,14
a98b645e1.jpg,w_d980663,16
a9939fb15.jpg,w_218fe4a,13
a9a10e0a7.jpg,w_9438119,16
a9b7ed784.jpg,w_c6b4d61,17
a9ba26b09.jpg,w_8da30ad,22
a9ba301a3.jpg,w_17b0d3a,33
a9d9f3586.jpg,w_6822dbc,36
aa2150c5b.jpg,w_d980663,16
aa5317e06.jpg,w_cc1784d,18
aa5dc4076.jpg,w_9c506f6,62
aaa1d7ba8.jpg,w_0b1e4a6,16
aab0492a5.jpg,w_d405854,47
aacf57690.jpg,w_91cc02c,25
aadbda3b7.jpg,w_cd4cb49,24
aae582238.jpg,w_59052ad,29
aaf77f0f6.jpg,w_83b2336,11
ab09d2ec8.jpg,w_9b5109b,65
ab20e8d06.jpg,w_ac2c28e,11
ab3e4b464.jpg,w_53feb91,17
ab481a192.jpg,w_2365d55,29
ab5090211.jpg,w_f74a89e,16
ab5e2ef88.jpg,w_27597ff,24
ab6048e2f.jpg,w_df32eec,13
ab75c3bca.jpg,w_a6703dd,11
ab79b2511.jpg,w_1b0db58,15
ab7d8bc1f.jpg,w_3de579a,54
ab8470e31.jpg,w_94a7669,11
ab9b992c8.jpg,w_b9e5911,24
aba74d955.jpg,w_07768b0,11
abd30d310.jpg,w_4c07458,16
abd48cd4c.jpg,w_5773c71,23
abd9dc294.jpg,w_0a155b9,24
abdc58e48.jpg,w_c55c51d,11
abdecad3c.jpg,w_60cf87c,22
abe9c2389.jpg,w_f602022,12
abedea727.jpg,w_eba33fb,19
abeefc412.jpg,w_5a2634c,37
ac0760b98.jpg,w_db68456,18
ac33f64e2.jpg,w_cda3971,12
ac49a1bbf.jpg,w_b128587,15
ac50d12e9.jpg,w_b9e5911,24
ac6290ae4.jpg,w_cc1784d,18
ac6e3cd31.jpg,w_fec331a,11
ac6e6b109.jpg,w_d494351,13
ac7cb809a.jpg,w_4c07458,16
ac816fa35.jpg,w_27597ff,24
ac8f4c811.jpg,w_564a34b,51
acae8931f.jpg,w_218fe4a,13
ace48fa72.jpg,w_fd3e556,50
ad06fa5c7.jpg,w_0cbf1b3,12
ad08af2f4.jpg,w_bc285a6,21
ad100e8ef.jpg,w_ae393cd,17
ad11782c0.jpg,w_a113b33,20
ad1577a29.jpg,w_5773c71,23
ad2a201f1.jpg,w_9b5109b,65
ad2f5f34d.jpg,w_9f13096,11
ad3bfbd20.jpg,w_9f13096,11
ad48edd04.jpg,w_9c506f6,62
ad69b9714.jpg,w_6cda039,31
ad70af04e.jpg,w_23a388d,73
ad739e36a.jpg,w_5e8e218,40
ad74cb9a6.jpg,w_91b678a,11
ad7e97517.jpg,w_5a2634c,37
ad83d73e1.jpg,w_3815890,21
ad853dded.jpg,w_34ecf36,18
adbcb800d.jpg,w_9a1a810,14
adceba36f.jpg,w_60ce6fc,37
addac7eb8.jpg,w_ab2ac77,14
adeac8d96.jpg,w_778e474,40
adfed28d2.jpg,w_f0fe284,45
ae0292fa4.jpg,w_07768b0,11
ae0ad16af.jpg,w_d405854,47
ae196c878.jpg,w_bc285a6,21
ae31cb708.jpg,w_8da30ad,22
ae3f03632.jpg,w_91b678a,11
ae4973417.jpg,w_9b5109b,65
ae4a07154.jpg,w_f0eddab,15
ae4b997a9.jpg,w_5a2634c,37
aefc4a406.jpg,w_0f8b8e2,11
af5646a49.jpg,w_9b5109b,65
af62665ab.jpg,w_5a2634c,37
af68cc785.jpg,w_75f6ffa,24
af6959f59.jpg,w_c6b4d61,17
af6aaa930.jpg,w_b128587,15
af7045a07.jpg,w_eba33fb,19
af7382e9f.jpg,w_53feb91,17
af89877c9.jpg,w_4516ff1,21
af8d5b6d7.jpg,w_d494351,13
afa597a42.jpg,w_3de579a,54
afac6c374.jpg,w_fd6a3ad,30
afb2779e4.jpg,w_f74a89e,16
afba8b43a.jpg,w_94f41dc,11
afc456dd3.jpg,w_db68456,18
afcd8ed59.jpg,w_d72771c,32
afe2914ad.jpg,w_007fefa,17
afe9fe3ea.jpg,w_7e579dd,15
affa934af.jpg,w_53feb91,17
b00a03bbd.jpg,w_23a388d,73
b0138beb6.jpg,w_218fe4a,13
b01af5281.jpg,w_b9c99cc,12
b04e00684.jpg,w_ef83760,21
b05092be9.jpg,w_30f2f0f,12
b0558d1ec.jpg,w_6caff0f,27
b060f5529.jpg,w_90c9763,20
b065a0fdc.jpg,w_fd3e556,50
b06bebe67.jpg,w_d573a68,19
b0785e55d.jpg,w_aa32f70,12
b07967059.jpg,w_17b0d3a,33
b08a84faa.jpg,w_9da1811,21
b09b1548b.jpg,w_0a155b9,24
b0a58618d.jpg,w_218fe4a,13
b0b117487.jpg,w_3de579a,54
b0b1e1dc1.jpg,w_59052ad,29
b0c7e86f6.jpg,w_7e579dd,15
b0d58b9dc.jpg,w_d405854,47
b0ddf518d.jpg,w_0bc078c,24
b0f4f5ca5.jpg,w_91cc02c,25
b0fdf3986.jpg,w_f0fe284,45
b108bf3e4.jpg,w_da011a1,15
b13389041.jpg,w_17b0d3a,33
b13436e6c.jpg,w_eba33fb,19
b142d0dd4.jpg,w_6cda039,31
b14edb36d.jpg,w_c6b4d61,17
b158324db.jpg,w_dea40e2,14
b15bc79c3.jpg,w_5597026,21
b164640dd.jpg,w_d405854,47
b164bd1f2.jpg,w_da011a1,15
b1701d305.jpg,w_5773c71,23
b176e9746.jpg,w_34ecf36,18
b193bfd05.jpg,w_f7cd240,12
b1a0233cd.jpg,w_fd3e556,50
b1a071959.jpg,w_6cda039,31
b1a97ef49.jpg,w_007fefa,17
b1e325bec.jpg,w_23a388d,73
b234c7c20.jpg,w_a113b33,20
b24c447f7.jpg,w_4516ff1,21
b26b048d7.jpg,w_0369a5c,61
b26bedd57.jpg,w_f602022,12
b27b57a0a.jpg,w_0bc078c,24
b28c54424.jpg,w_eba33fb,19
b29a71903.jpg,w_3879fa0,17
b2b2861d3.jpg,w_d8a47de,11
b2b3f555a.jpg,w_12cc52d,17
b2caf3713.jpg,w_f7cd240,12
b30860139.jpg,w_d97c490,11
b31c3266c.jpg,w_60ce6fc,37
b324fa720.jpg,w_bfe77d0,20
b3345a6e4.jpg,w_007fefa,17
b3435e53d.jpg,w_2365d55,29
b34cb2e85.jpg,w_3815890,21
b35007c9f.jpg,w_6cda039,31
b354fea66.jpg,w_f7cd240,12
b36a2cb4c.jpg,w_e2372d6,18
b37632b2c.jpg,w_d72771c,32
b37f0ed5a.jpg,w_a9304b9,37
b3927a0f4.jpg,w_591a2c5,15
b393718ee.jpg,w_007fefa,17
b3a043eaf.jpg,w_fd3e556,50
b3a0b31fe.jpg,w_c25d2d1,19
b3b3aed60.jpg,w_bc285a6,21
b3ba738d7.jpg,w_00904a7,11
b3c54d7f4.jpg,w_778e474,40
b3cf8559f.jpg,w_f602022,12
b3d30949c.jpg,w_f765256,34
b3f4054d1.jpg,w_f602022,12
b3f95602b.jpg,w_17b0d3a,33
b4284d5ef.jpg,w_16b5050,12
b43e7a9b6.jpg,w_c0d11da,15
b457e92f3.jpg,w_17b0d3a,33
b4848c046.jpg,w_8a6a8d5,17
b4bf04f52.jpg,w_778e474,40
b4ca0013e.jpg,w_26c0ffd,15
b4cb30afd.jpg,w_a9304b9,37
b4dbccd8c.jpg,w_fd3e556,50
b51bbe347.jpg,w_d405854,47
b51e0d23b.jpg,w_5e8e218,40
b5269b15f.jpg,w_5e8e218,40
b54652474.jpg,w_98d094e,16
b546e31fc.jpg,w_88e4537,49
b5524d34f.jpg,w_218fe4a,13
b56cfda2c.jpg,w_7e2eb3d,18
b57048db4.jpg,w_6cda039,31
b58189b38.jpg,w_51fc1fc,30
b5942c94d.jpg,w_27597ff,24
b5ac2ba79.jpg,w_789c969,45
b5f034297.jpg,w_7e579dd,15
b5fdf9f5f.jpg,w_5e8e218,40
b6231088b.jpg,w_08630fd,31
b629b3a5c.jpg,w_7d44896,19
b633c4f72.jpg,w_5597026,21
b63842413.jpg,w_04003e9,30
b66278aeb.jpg,w_57aeea3,11
b66db8210.jpg,w_2365d55,29
b688d1d62.jpg,w_89f6097,17
b68d3920f.jpg,w_5e8e218,40
b69238dcd.jpg,w_a9304b9,37
b6924fbe5.jpg,w_700ebb4,57
b6ad10581.jpg,w_a9304b9,37
b6dfbb60a.jpg,w_0369a5c,61
b6f0ef08f.jpg,w_9438119,16
b6f751369.jpg,w_ab2ac77,14
b70958f47.jpg,w_9b5109b,65
b70ce5abd.jpg,w_edce644,14
b71654304.jpg,w_789c969,45
b71fccf50.jpg,w_dee1053,17
b73c7139b.jpg,w_bc285a6,21
b75579156.jpg,w_5e8e218,40
b75a2d2ef.jpg,w_e1ffbe2,23
b75fc18b7.jpg,w_a9304b9,37
b79659487.jpg,w_ef83760,21
b79e51dba.jpg,w_75f6ffa,24
b7ae00cc7.jpg,w_bb2c919,12
b7f79c827.jpg,w_b938e96,15
b7f834951.jpg,w_8da30ad,22
b7fb1af05.jpg,w_23a388d,73
b810b9b4d.jpg,w_f74a89e,16
b8117e207.jpg,w_bf960fa,13
b81462e5b.jpg,w_242fb46,23
b82603e61.jpg,w_9438119,16
b82b12215.jpg,w_34120de,11
b8322e903.jpg,w_d405854,47
b83b1103a.jpg,w_9c506f6,62
b86d244ec.jpg,w_da011a1,15
b87b5f9f9.jpg,w_6caff0f,27
b8a75416b.jpg,w_50fd107,11
b8af82e35.jpg,w_75f6ffa,24
b8d682bb8.jpg,w_d494351,13
b8de9430a.jpg,w_789c969,45
b8e0ba826.jpg,w_04003e9,30
b8e0cf2f4.jpg,w_6caff0f,27
b91b70b60.jpg,w_15951db,11
b9236e5f0.jpg,w_8003858,12
b93ae246c.jpg,w_700ebb4,57
b94ef9da5.jpg,w_fd3e556,50
b9e756b11.jpg,w_94f41dc,11
ba1bbd54f.jpg,w_e1ffbe2,23
ba2355ca6.jpg,w_3b03149,15
ba3b6ce41.jpg,w_03670aa,20
ba4598bf9.jpg,w_bc285a6,21
ba50a7085.jpg,w_3de579a,54
ba69e8ba4.jpg,w_d97c490,11
ba8a7dc70.jpg,w_60ce6fc,37
baaac6217.jpg,w_d588fb4,14
bab4d252a.jpg,w_778e474,40
babbbf5b0.jpg,w_16b5050,12
bac45c5f4.jpg,w_9b5109b,65
bac5c91d2.jpg,w_aa32f70,12
bad682500.jpg,w_cda3971,12
baec3110d.jpg,w_bfe77d0,20
bafa47564.jpg,w_03670aa,20
bb0a270bd.jpg,w_04003e9,30
bb117c2eb.jpg,w_91cc02c,25
bb187c817.jpg,w_0135f5f,23
bb1e6eb8c.jpg,w_1ca9ab1,34
bb1f8b557.jpg,w_0cbf1b3,12
bb2c265fa.jpg,w_9c506f6,62
bb513d28b.jpg,w_59052ad,29
bb55e13fa.jpg,w_23a388d,73
bb6c449de.jpg,w_4ab3420,11
bb86f0613.jpg,w_1ca9ab1,34
bb937e61e.jpg,w_b9c99cc,12
bba83e70d.jpg,w_8a6a8d5,17
bbb058f60.jpg,w_f0fe284,45
bbb78dde9.jpg,w_9b5109b,65
bbc3e2a82.jpg,w_50fd107,11
bbc6c600a.jpg,w_fd3e556,50
bc09c2717.jpg,w_8003858,12
bc114a7de.jpg,w_6e97ef4,15
bc16c5f72.jpg,w_d8a47de,11
bc2c487e7.jpg,w_d980663,16
bc445bfc6.jpg,w_17b0d3a,33
bc4692a51.jpg,w_b3ca4b7,16
bc56ec542.jpg,w_5773c71,23
bc5b3efdf.jpg,w_cc1784d,18
bc84b08f1.jpg,w_88e4537,49
bc86bece0.jpg,w_08630fd,31
bc99d13fb.jpg,w_6e97ef4,15
bca69f23c.jpg,w_4690940,14
bcbd5b4bc.jpg,w_30f2f0f,12
bcd1a1957.jpg,w_2b4b82e,13
bcd3b6249.jpg,w_9b5109b,65
bcdeb1b71.jpg,w_fd3e556,50
bce549448.jpg,w_ab2ac77,14
bd10665bf.jpg,w_f0fe284,45
bd22cbbb2.jpg,w_3de579a,54
bd3ba5e32.jpg,w_b3ca4b7,16
bd4d50fd7.jpg,w_14330a0,12
bd4eaa1cb.jpg,w_0369a5c,61
bd6094397.jpg,w_fd3e556,50
bd68e6a0d.jpg,w_c875e45,15
bd73b7dfc.jpg,w_a6703dd,11
bd7699aea.jpg,w_3de579a,54
bd7d9ab66.jpg,w_396c12b,11
bd7f8f624.jpg,w_8da30ad,22
bd88ef217.jpg,w_5e8e218,40
bd9bd86eb.jpg,w_3de579a,54
bda980424.jpg,w_67a9841,17
bdb41dba8.jpg,w_007fefa,17
bdba204a4.jpg,w_60ce6fc,37
bdbc925bb.jpg,w_9d86594,16
bdcecd69c.jpg,w_5773c71,23
bdd4eb053.jpg,w_e27bbf6,19
bddadf851.jpg,w_f0eddab,15
bdeda7695.jpg,w_accb0cb,14
bdf1cd231.jpg,w_9b5109b,65
be01662cb.jpg,w_c6b4d61,17
be122c509.jpg,w_6e97ef4,15
be22eb838.jpg,w_8da30ad,22
be490bd2e.jpg,w_91cc02c,25
be52b468f.jpg,w_fd3e556,50
be530a871.jpg,w_6caff0f,27
be640ba7c.jpg,w_60ce6fc,37
be7b6020b.jpg,w_5597026,21
be9115212.jpg,w_ae393cd,17
be979e539.jpg,w_0a155b9,24
be9cf45bd.jpg,w_b938e96,15
bea02860c.jpg,w_62c78f3,14
beb52d9f4.jpg,w_88e4537,49
beb89b94c.jpg,w_698fcbe,16
bec649580.jpg,w_d573a68,19
bef8b9993.jpg,w_789c969,45
befa85d55.jpg,w_07768b0,11
bf10106b5.jpg,w_e2372d6,18
bf1eba5c2.jpg,w_007fefa,17
bf312b0c2.jpg,w_23a388d,73
bf64daaf2.jpg,w_564a34b,51
bf69d7456.jpg,w_4c07458,16
bf834ebcd.jpg,w_9b5109b,65
bf84bad36.jpg,w_23a388d,73
bf91c46d7.jpg,w_3b03149,15
bfa4fa9be.jpg,w_789c969,45
bfb1f1b1e.jpg,w_0135f5f,23
bff556f58.jpg,w_ae8982d,12
bffcb120b.jpg,w_9c506f6,62
c001e5701.jpg,w_d405854,47
c00df5cc4.jpg,w_1b0db58,15
c04115b32.jpg,w_7e2eb3d,18
c0484352f.jpg,w_9a1a810,14
c048c625f.jpg,w_b938e96,15
c05ae6bf0.jpg,w_9c506f6,62
c0630d594.jpg,w_b128587,15
c0b47e13d.jpg,w_d573a68,19
c0cdf05b3.jpg,w_5a2634c,37
c0f0b10b5.jpg,w_5e8e218,40
c0f29c6b1.jpg,w_789c969,45
c1213fae6.jpg,w_6822dbc,36
c131d8ea2.jpg,w_53feb91,17
c1328cf1f.jpg,w_564a34b,51
c1333c90b.jpg,w_939423d,13
c135bd2e9.jpg,w_90c9763,20
c14e06a14.jpg,w_778e474,40
c16462d8e.jpg,w_7d44896,19
c173a89dc.jpg,w_cda3971,12
c17f09bac.jpg,w_9d56f22,11
c18443d46.jpg,w_488865e,22
c18bfabc2.jpg,w_83b2336,11
c1a21b6d2.jpg,w_f6c5343,17
c1aaa7592.jpg,w_be4f189,13
c1bcd7691.jpg,w_be4f189,13
c1c1d87f8.jpg,w_700ebb4,57
c1c96e49b.jpg,w_da011a1,15
c1d59f8da.jpg,w_242fb46,23
c1ec12eb6.jpg,w_f48451c,14
c1f3abb36.jpg,w_efbdcbc,22
c20dccb8f.jpg,w_9b5109b,65
c21874c84.jpg,w_0cbf1b3,12
c22d51a48.jpg,w_accb0cb,14
c239316e9.jpg,w_b3cc7b3,11
c24883f3f.jpg,w_a113b33,20
c25145ee0.jpg,w_7d44896,19
c25d6f01b.jpg,w_0a155b9,24
c27d8fa2e.jpg,w_90c9763,20
c29a8434c.jpg,w_6822dbc,36
c2a090a08.jpg,w_dea40e2,14
c2bb588a1.jpg,w_5e8e218,40
c2d946e1b.jpg,w_3b03149,15
c2e1bf0c1.jpg,w_b71ac68,16
c33c39ca7.jpg,w_88e4537,49
c34636b03.jpg,w_f0fe284,45
c3753fbe1.jpg,w_d573a68,19
c38f449cf.jpg,w_f0fe284,45
c39933761.jpg,w_bb2c919,12
c3b2f9f88.jpg,w_3815890,21
c3c2680a5.jpg,w_564a34b,51
c3c473adf.jpg,w_4c07458,16
c3d823ad3.jpg,w_aa32f70,12
c3e1adfda.jpg,w_cbb15d2,11
c3e675078.jpg,w_0369a5c,61
c3f802865.jpg,w_733f661,17
c3fda35ff.jpg,w_b5e6c80,11
c403395bd.jpg,w_3de579a,54
c4448e5d3.jpg,w_bf960fa,13
c45e0efa6.jpg,w_23a388d,73
c480b0829.jpg,w_0a155b9,24
c481c3194.jpg,w_13aa123,12
c48bb3cbf.jpg,w_00904a7,11
c49341bc0.jpg,w_cda3971,12
c4a64d33f.jpg,w_9da1811,21
c4b94c917.jpg,w_4a28f21,13
c4be68ad5.jpg,w_f602022,12
c4e291ada.jpg,w_23a388d,73
c51c83e21.jpg,w_da011a1,15
c543ba12b.jpg,w_6822dbc,36
c55866e2f.jpg,w_5e8e218,40
c563eaac6.jpg,w_3de579a,54
c565a5e24.jpg,w_4690940,14
c57da2375.jpg,w_1ca9ab1,34
c58aec134.jpg,w_4ab3420,11
c5913842e.jpg,w_0135f5f,23
c59513cd7.jpg,w_8da30ad,22
c5aac3108.jpg,w_8da30ad,22
c5afe753c.jpg,w_57aeea3,11
c5cc80b0c.jpg,w_9c506f6,62
c5d3a7dd5.jpg,w_5e8e218,40
c5f4b73be.jpg,w_0369a5c,61
c5f7b85de.jpg,w_00904a7,11
c6087a5db.jpg,w_1ca9ab1,34
c619c79c6.jpg,w_23a388d,73
c64cabd50.jpg,w_3de579a,54
c64e2c02f.jpg,w_2365d55,29
c64e5e861.jpg,w_f48451c,14
c654281d1.jpg,w_dd944b7,11
c669a3706.jpg,w_700ebb4,57
c68950ebb.jpg,w_d72771c,32
c68b15457.jpg,w_1ca9ab1,34
c68c738c0.jpg,w_ae8982d,12
c695dfcd4.jpg,w_581ba42,14
c6e055c12.jpg,w_dd88965,16
c6eb0b9dd.jpg,w_83a4279,15
c6f610547.jpg,w_89f6097,17
c712e442b.jpg,w_5a2634c,37
c727ce148.jpg,w_c8d5ad5,11
c7373e766.jpg,w_4c07458,16
c74784e88.jpg,w_0bc078c,24
c74822baf.jpg,w_b71ac68,16
c74d9726d.jpg,w_edce644,14
c776f45d4.jpg,w_d405854,47
c79ce1999.jpg,w_23a388d,73
c7da1808e.jpg,w_d494351,13
c7f556dec.jpg,w_9c506f6,62
c818ad3e1.jpg,w_23a388d,73
c81b80a53.jpg,w_2e374c0,12
c81e07f12.jpg,w_3815890,21
c82022723.jpg,w_94f41dc,11
c82ad7e31.jpg,w_17b0d3a,33
c82d2f74d.jpg,w_fd3e556,50
c837f4387.jpg,w_6cda039,31
c83d98969.jpg,w_14330a0,12
c85c93826.jpg,w_3002b59,11
c878eb89b.jpg,w_98d094e,16
c88388c37.jpg,w_7c77c5c,12
c8a5db596.jpg,w_efbdcbc,22
c8cec152d.jpg,w_f0fe284,45
c8e570a96.jpg,w_60cf87c,22
c8ee730f4.jpg,w_1ca9ab1,34
c8f66e8d8.jpg,w_17b0d3a,33
c9005e6a5.jpg,w_89f6097,17
c91de4093.jpg,w_83a4279,15
c939ba608.jpg,w_d573a68,19
c93b6d042.jpg,w_1ca9ab1,34
c943b92f0.jpg,w_aa32f70,12
c9592d899.jpg,w_8da30ad,22
c970f3b94.jpg,w_f0fe284,45
c97a43770.jpg,w_778e474,40
c9806e91d.jpg,w_4ab3420,11
c988d1bb5.jpg,w_cd4cb49,24
c99beffb2.jpg,w_5e8e218,40
c9af707a9.jpg,w_53feb91,17
c9ca08a40.jpg,w_b9e5911,24
c9d67e161.jpg,w_75f6ffa,24
c9d7494b1.jpg,w_3de579a,54
c9df69a69.jpg,w_f48451c,14
c9ed8c53b.jpg,w_fec331a,11
ca07480bd.jpg,w_5a2634c,37
ca088acf3.jpg,w_14330a0,12
ca2b11469.jpg,w_6caff0f,27
ca3d9d5a6.jpg,w_c6b4d61,17
ca4acea3f.jpg,w_f6c5343,17
ca4d53f34.jpg,w_bf960fa,13
ca5caa066.jpg,w_698fcbe,16
ca66f092a.jpg,w_51fc1fc,30
ca69b65a9.jpg,w_b938e96,15
ca6e8eb25.jpg,w_b9e5911,24
ca7382332.jpg,w_3b03149,15
ca78cff93.jpg,w_c875e45,15
ca8ab4ff7.jpg,w_cc1784d,18
ca9c78e73.jpg,w_89f6097,17
cabff8a49.jpg,w_0a155b9,24
cad98076d.jpg,w_5a2634c,37
cafbd07fa.jpg,w_5a2634c,37
caffa78a8.jpg,w_c6fe966,16
cb01491c7.jpg,w_62c78f3,14
cb027b453.jpg,w_5773c71,23
cb13469f1.jpg,w_591a2c5,15
cb17ecd2f.jpg,w_1b0db58,15
cb251f343.jpg,w_e07b79f,15
cb3689ea5.jpg,w_ef83760,21
cb3b073b0.jpg,w_9da1811,21
cb3b37cc2.jpg,w_f74a89e,16
cb4537960.jpg,w_564a34b,51
cb4b4eb06.jpg,w_55b77ce,13
cb5ae8f62.jpg,w_0135f5f,23
cb5b12451.jpg,w_aa0dacc,12
cb7153d51.jpg,w_db68456,18
cb7989c25.jpg,w_f66ec54,11
cb895752b.jpg,w_53215c6,14
cb8a87bc8.jpg,w_edce644,14
cb9c67d8d.jpg,w_0135f5f,23
cba4a8d17.jpg,w_fd3e556,50
cbc0bc9f5.jpg,w_ef83760,21
cbd7d79d7.jpg,w_fbcfe74,11
cbd88a140.jpg,w_191bce3,14
cbdb2c0d7.jpg,w_6822dbc,36
cbe8bcbde.jpg,w_f66ec54,11
cc046d5b5.jpg,w_57aeea3,11
cc2177654.jpg,w_df32eec,13
cc53cd3cf.jpg,w_1b0db58,15
cc7158de5.jpg,w_aa0dacc,12
cc7b82954.jpg,w_025911c,19
cc96aff15.jpg,w_cc1784d,18
ccb098021.jpg,w_488865e,22
ccb182f07.jpg,w_34ecf36,18
ccbb46d15.jpg,w_9c506f6,62
cccd3944c.jpg,w_0cbf1b3,12
ccdf0db5e.jpg,w_700ebb4,57
ccee7a1c2.jpg,w_accb0cb,14
ccfd02948.jpg,w_d72771c,32
cd13c0125.jpg,w_55b77ce,13
cd1b7a956.jpg,w_700ebb4,57
cd2c4ae6b.jpg,w_bc285a6,21
cd382b662.jpg,w_ef83760,21
cd3937f27.jpg,w_9b5109b,65
cd4b8f33f.jpg,w_fd3e556,50
cd650e905.jpg,w_007fefa,17
cd6a7b383.jpg,w_9d86594,16
cd718a734.jpg,w_a9304b9,37
cd74760f1.jpg,w_08630fd,31
cd7aff485.jpg,w_51fc1fc,30
cd8852f52.jpg,w_fd6a3ad,30
cdb4eb77e.jpg,w_0369a5c,61
cdf4c2501.jpg,w_75f6ffa,24
cdff47d01.jpg,w_5e8e218,40
ce0d71515.jpg,w_c0d11da,15
ce274d9fc.jpg,w_6822dbc,36
ce370967c.jpg,w_08630fd,31
cec27e4e3.jpg,w_23a388d,73
ced5aadb8.jpg,w_98d094e,16
ceedae923.jpg,w_6822dbc,36
ceefe609f.jpg,w_a9304b9,37
cef737715.jpg,w_fd3e556,50
cefb0b7fa.jpg,w_7d44896,19
cf06dc892.jpg,w_04003e9,30
cf1426619.jpg,w_025911c,19
cf2d92762.jpg,w_08630fd,31
cf3308136.jpg,w_c6fe966,16
cf4826de3.jpg,w_df32eec,13
cf5ecebd0.jpg,w_d980663,16
cf6dd03da.jpg,w_04003e9,30
cf80e7b88.jpg,w_ab2ac77,14
cf83d6281.jpg,w_bfcad53,25
cf8b0e810.jpg,w_b5e6c80,11
cf9d17dd0.jpg,w_8da30ad,22
cfa32fb80.jpg,w_dd88965,16
cfa6a18a3.jpg,w_0369a5c,61
cfaa9994d.jpg,w_778e474,40
cfabe1bfc.jpg,w_fd3e556,50
cfcbafe49.jpg,w_d97c490,11
cfd72bb47.jpg,w_7d44896,19
cfe2c62b9.jpg,w_55b77ce,13
cfef9276f.jpg,w_88e4537,49
cff0ae681.jpg,w_d405854,47
d000a71ca.jpg,w_5a2634c,37
d01067fe9.jpg,w_75f6ffa,24
d010d57f8.jpg,w_d588fb4,14
d0287a69d.jpg,w_bb2c919,12
d02c89163.jpg,w_d573a68,19
d04d75cb9.jpg,w_1ca9ab1,34
d0524533d.jpg,w_fd6a3ad,30
d0c025463.jpg,w_1ca9ab1,34
d0cd60d12.jpg,w_f0fe284,45
d0db93630.jpg,w_9c506f6,62
d105a00fc.jpg,w_b128587,15
d11db7835.jpg,w_9c506f6,62
d12cb3580.jpg,w_f765256,34
d132b5442.jpg,w_c8d5ad5,11
d13e5ed39.jpg,w_91b678a,11
d13fc7a48.jpg,w_89f6097,17
d1525a470.jpg,w_88e4537,49
d165ad58c.jpg,w_53feb91,17
d18785462.jpg,w_0369a5c,61
d18a4f7e2.jpg,w_cd4cb49,24
d195047d1.jpg,w_6822dbc,36
d19e57b2b.jpg,w_2e374c0,12
d1a497010.jpg,w_733f661,17
d1ab7a874.jpg,w_f74a89e,16
d1b09f72e.jpg,w_9c506f6,62
d221a04d2.jpg,w_c6fe966,16
d26999767.jpg,w_c0d11da,15
d299cf550.jpg,w_08630fd,31
d2ab37982.jpg,w_60ce6fc,37
d2afdd82f.jpg,w_3de579a,54
d2b5ece6f.jpg,w_a113b33,20
d2be4ec2e.jpg,w_5773c71,23
d2c96f308.jpg,w_c6fe966,16
d2d047631.jpg,w_c01c1f4,17
d2eec4863.jpg,w_1ca9ab1,34
d2f3bf07f.jpg,w_fd6a3ad,30
d30407bf5.jpg,w_d72771c,32
d30992acb.jpg,w_88e4537,49
d30cfb07e.jpg,w_789c969,45
d32018103.jpg,w_cc1784d,18
d323a5828.jpg,w_5a2634c,37
d328a3d97.jpg,w_f0fe284,45
d3418bc5d.jpg,w_d8a47de,11
d354eccc8.jpg,w_88e4537,49
d36755c08.jpg,w_b128587,15
d36853e8f.jpg,w_c01c1f4,17
d37aaa2c7.jpg,w_d980663,16
d37c3cded.jpg,w_08630fd,31
d3827a49d.jpg,w_6caff0f,27
d38987758.jpg,w_ae8982d,12
d3a51d271.jpg,w_37d2f3a,12
d3be53b10.jpg,w_53feb91,17
d3c26d949.jpg,w_dea40e2,14
d3d211488.jpg,w_f74a89e,16
d3e5fa559.jpg,w_c55c51d,11
d3f6762be.jpg,w_89f6097,17
d40a1e776.jpg,w_789c969,45
d41af4443.jpg,w_939423d,13
d423d4ebc.jpg,w_3815890,21
d4350a260.jpg,w_9c506f6,62
d43a9a8ee.jpg,w_34ecf36,18
d44d94b52.jpg,w_6cda039,31
d44df0462.jpg,w_564a34b,51
d4501f09d.jpg,w_242fb46,23
d4630d6fd.jpg,w_b3cc7b3,11
d46df70f0.jpg,w_c0d11da,15
d4c6e6552.jpg,w_f7cd240,12
d4dd371d1.jpg,w_9c506f6,62
d524ef383.jpg,w_98d094e,16
d5551f265.jpg,w_03670aa,20
d5767a883.jpg,w_698fcbe,16
d57835b15.jpg,w_2e374c0,12
d57c1723a.jpg,w_c01c1f4,17
d5856e04f.jpg,w_d588fb4,14
d5896c9a0.jpg,w_f765256,34
d59203759.jpg,w_75f6ffa,24
d59aa0208.jpg,w_d573a68,19
d5c994038.jpg,w_efbdcbc,22
d603effd2.jpg,w_a113b33,20
d604bdf53.jpg,w_dd944b7,11
d60be4a67.jpg,w_55b77ce,13
d622b5ed3.jpg,w_ab7c369,20
d62b24c81.jpg,w_bfcad53,25
d634d04aa.jpg,w_51fc1fc,30
d635f4ca4.jpg,w_51fc1fc,30
d6932aba3.jpg,w_bb2c919,12
d6a2a4942.jpg,w_bfcad53,25
d6a768170.jpg,w_3b03149,15
d6a8809fa.jpg,w_789c969,45
d6b6af366.jpg,w_9438119,16
d6c89fb59.jpg,w_bfcad53,25
d6cf5d3ec.jpg,w_591a2c5,15
d6d05f689.jpg,w_c6fe966,16
d6dce5f26.jpg,w_ac2c28e,11
d6e3f6221.jpg,w_5597026,21
d71c5fa00.jpg,w_242fb46,23
d73b9ddb7.jpg,w_04003e9,30
d742a8b97.jpg,w_8003858,12
d74c6a87d.jpg,w_d405854,47
d753c6a96.jpg,w_88e4537,49
d778e9073.jpg,w_51fc1fc,30
d77b265d9.jpg,w_6cda039,31
d78a69515.jpg,w_59052ad,29
d7a8db8b4.jpg,w_f765256,34
d7b79b9da.jpg,w_27597ff,24
d7ca2a959.jpg,w_a6703dd,11
d7ce19986.jpg,w_2b4b82e,13
d7ce58d6e.jpg,w_27597ff,24
d7dfd581d.jpg,w_3de579a,54
d80b099d4.jpg,w_fd3e556,50
d816ed295.jpg,w_6cda039,31
d81b520ea.jpg,w_1b0db58,15
d81c546a4.jpg,w_789c969,45
d831d28ee.jpg,w_f0fe284,45
d8406b10f.jpg,w_564a34b,51
d86adb542.jpg,w_4ab3420,11
d8784759a.jpg,w_c1d2fbe,13
d8897689b.jpg,w_d8a47de,11
d88b45bab.jpg,w_9b5109b,65
d8adc80c4.jpg,w_1d0830e,11
d8c7e3aab.jpg,w_d405854,47
d8dd7c977.jpg,w_0bc078c,24
d8f13c4a3.jpg,w_a9304b9,37
d90df2e48.jpg,w_9f13096,11
d91703df4.jpg,w_cc1784d,18
d91df6b51.jpg,w_a190a88,13
d92733d0f.jpg,w_f765256,34
d92a3ba7f.jpg,w_91b678a,11
d92f5ba9a.jpg,w_dee1053,17
d93ea7ebf.jpg,w_d980663,16
d94423ec0.jpg,w_9d86594,16
d94f02df8.jpg,w_c1efffb,11
d97e738a3.jpg,w_cbb15d2,11
d9aa3da27.jpg,w_50fd107,11
d9b8caebd.jpg,w_d980663,16
d9e958ed9.jpg,w_564a34b,51
d9f49579b.jpg,w_ab7c369,20
da0a1ab88.jpg,w_4516ff1,21
da1a05862.jpg,w_6822dbc,36
da201ac16.jpg,w_6822dbc,36
da3529684.jpg,w_700ebb4,57
da3eb9685.jpg,w_fd3e556,50
da43bd027.jpg,w_db68456,18
da511e523.jpg,w_a113b33,20
da6373006.jpg,w_a113b33,20
da66819f5.jpg,w_7e2eb3d,18
da6dfd5ae.jpg,w_025911c,19
da7e70660.jpg,w_51fc1fc,30
daa5d920f.jpg,w_17b0d3a,33
daa946056.jpg,w_f0fe284,45
dab7a665f.jpg,w_bfe77d0,20
dabed4f9f.jpg,w_1b0db58,15
dada37134.jpg,w_b938e96,15
dada7104b.jpg,w_2365d55,29
dade44c18.jpg,w_dea40e2,14
dae6e3bd7.jpg,w_23a388d,73
daef63efc.jpg,w_cc1784d,18
daff79e9f.jpg,w_d405854,47
db0699767.jpg,w_f48451c,14
db1122cdf.jpg,w_9b5109b,65
db1dd87e9.jpg,w_a190a88,13
db1f2e9e4.jpg,w_88e4537,49
db1f8e748.jpg,w_6822dbc,36
db3e76275.jpg,w_c55c51d,11
db4600d56.jpg,w_242fb46,23
db7638481.jpg,w_0369a5c,61
db7685ca7.jpg,w_0cbf1b3,12
db76f329c.jpg,w_dee1053,17
db8c3bef2.jpg,w_eaed433,12
dba5ab6f0.jpg,w_59052ad,29
dba646530.jpg,w_37d2f3a,12
dbc79d788.jpg,w_fd6a3ad,30
dbef1c6e2.jpg,w_fd6a3ad,30
dbf856eb7.jpg,w_efbdcbc,22
dbfe0e2b8.jpg,w_23a388d,73
dc0f310c3.jpg,w_0cbf1b3,12
dc3a7edf4.jpg,w_789c969,45
dc55f0f7e.jpg,w_564a34b,51
dc5fccb0b.jpg,w_23a388d,73
dc6df930c.jpg,w_b71ac68,16
dca030b3a.jpg,w_98d094e,16
dcab6528f.jpg,w_91b678a,11
dcb28a2f9.jpg,w_778e474,40
dcb35a093.jpg,w_14330a0,12
dcc0c1ea2.jpg,w_9b5109b,65
dcf0b3587.jpg,w_ab7c369,20
dcf7e1005.jpg,w_60cf87c,22
dcfc09a9b.jpg,w_698fcbe,16
dcfd9b396.jpg,w_0b1e4a6,16
dcff666f1.jpg,w_564a34b,51
dd023673d.jpg,w_591a2c5,15
dd041f390.jpg,w_789c969,45
dd177de7c.jpg,w_564a34b,51
dd2aaf7a4.jpg,w_fec331a,11
dd2b05ed2.jpg,w_7d44896,19
dd326b03c.jpg,w_f66ec54,11
dd36cbfd2.jpg,w_23a388d,73
dd4817cfa.jpg,w_57aeea3,11
dd7a44da8.jpg,w_0f8b8e2,11
dd8b893a1.jpg,w_4c07458,16
dd91b31de.jpg,w_6caff0f,27
dda3554e0.jpg,w_cda3971,12
ddb292b66.jpg,w_efbdcbc,22
ddb537ff2.jpg,w_a9304b9,37
ddda4a7cf.jpg,w_9b5109b,65
de03c98af.jpg,w_c1d2fbe,13
de057337b.jpg,w_da011a1,15
de094185b.jpg,w_fd6a3ad,30
de147512b.jpg,w_f765256,34
de28e0032.jpg,w_e1ffbe2,23
de29a7c47.jpg,w_d72771c,32
de2bb31ef.jpg,w_564a34b,51
de52bea5b.jpg,w_2b4b82e,13
de583d130.jpg,w_ae393cd,17
de63ad9e0.jpg,w_6caff0f,27
de6a45e1f.jpg,w_60ce6fc,37
de6cf8b6c.jpg,w_7e2eb3d,18
de8d2366f.jpg,w_9b5109b,65
de996b66a.jpg,w_98d094e,16
debd3e310.jpg,w_23a388d,73
deccdb77e.jpg,w_51fc1fc,30
ded11c90e.jpg,w_0bc078c,24
dee7e277c.jpg,w_3879fa0,17
defed35f8.jpg,w_5773c71,23
df2afc2c5.jpg,w_08630fd,31
df4ed34ad.jpg,w_91cc02c,25
df5441c32.jpg,w_8003858,12
df6a26675.jpg,w_60ce6fc,37
df875a56e.jpg,w_98d094e,16
dfc70ffd6.jpg,w_1ca9ab1,34
dfdf81315.jpg,w_0369a5c,61
dfe347181.jpg,w_0ee7878,12
dfecf1c15.jpg,w_6822dbc,36
dff0d9670.jpg,w_9f13096,11
e0011a372.jpg,w_9438119,16
e001ea7da.jpg,w_3de579a,54
e01aed61a.jpg,w_60ce6fc,37
e01e495c7.jpg,w_fec331a,11
e021d7ca2.jpg,w_a9304b9,37
e053ceacd.jpg,w_4a28f21,13
e05883983.jpg,w_564a34b,51
e05e1a2e0.jpg,w_51fc1fc,30
e07fe9fe2.jpg,w_a113b33,20
e0b0c8609.jpg,w_a113b33,20
e0b7a77c4.jpg,w_eba33fb,19
e0e1284c4.jpg,w_591a2c5,15
e0e7c8753.jpg,w_55b77ce,13
e10b500e5.jpg,w_0135f5f,23
e10f40788.jpg,w_fbcfe74,11
e125d1c8e.jpg,w_75f6ffa,24
e12a65860.jpg,w_26c0ffd,15
e16e10691.jpg,w_23a388d,73
e18dc7a00.jpg,w_90c9763,20
e18e7ef46.jpg,w_9d56f22,11
e19b20d58.jpg,w_242fb46,23
e1e3241a2.jpg,w_564a34b,51
e202c4c10.jpg,w_3de579a,54
e20893801.jpg,w_2b4b82e,13
e212fd34c.jpg,w_9c506f6,62
e23466b86.jpg,w_9a1a810,14
e247dec53.jpg,w_75f6ffa,24
e249d8537.jpg,w_08630fd,31
e25d6d9c3.jpg,w_218fe4a,13
e25dbc1e9.jpg,w_5e8e218,40
e271b430b.jpg,w_6e97ef4,15
e27c1ff6e.jpg,w_26c0ffd,15
e27fa52d9.jpg,w_d405854,47
e29a9d160.jpg,w_b5e6c80,11
e2a0a5cc5.jpg,w_218fe4a,13
e2a248061.jpg,w_c01c1f4,17
e2b9e9f5c.jpg,w_3002b59,11
e2bc464c2.jpg,w_6caff0f,27
e2c0d3bfe.jpg,w_9b5109b,65
e2d079d5d.jpg,w_e27bbf6,19
e2d8ed549.jpg,w_939423d,13
e2f1b6c4a.jpg,w_f48451c,14
e302cf945.jpg,w_b9e5911,24
e3154d451.jpg,w_15951db,11
e319d08b3.jpg,w_3879fa0,17
e3669f582.jpg,w_0ee7878,12
e36a7eea0.jpg,w_1b0db58,15
e38a8dd34.jpg,w_f0fe284,45
e3c398766.jpg,w_e1ffbe2,23
e3eeb2d7a.jpg,w_60cf87c,22
e3f2dbd25.jpg,w_f48451c,14
e3f924715.jpg,w_ae8982d,12
e3fba61f1.jpg,w_564a34b,51
e4650b5d6.jpg,w_2365d55,29
e466ee44e.jpg,w_d72771c,32
e46f88b1f.jpg,w_17b0d3a,33
e477a1248.jpg,w_51fc1fc,30
e4a33b602.jpg,w_3de579a,54
e4c49579a.jpg,w_789c969,45
e4d1c6750.jpg,w_025911c,19
e4f4c72d3.jpg,w_f0fe284,45
e50510d0f.jpg,w_14330a0,12
e51e83656.jpg,w_778e474,40
e542da67f.jpg,w_0f8b8e2,11
e55fe9de7.jpg,w_733f661,17
e5812ff28.jpg,w_f0fe284,45
e58cbed7c.jpg,w_ef83760,21
e5990aea6.jpg,w_9c506f6,62
e59f79383.jpg,w_60ce6fc,37
e5aa8cc13.jpg,w_7c77c5c,12
e5e6894c5.jpg,w_6e97ef4,15
e5e73f102.jpg,w_0b1e4a6,16
e6010e078.jpg,w_a9304b9,37
e60324cdc.jpg,w_9da1811,21
e61bfd191.jpg,w_396c12b,11
e6233417f.jpg,w_700ebb4,57
e62cd8b58.jpg,w_08630fd,31
e632f7a4c.jpg,w_2365d55,29
e64b4119f.jpg,w_9a1a810,14
e65926382.jpg,w_fd6a3ad,30
e659fbfef.jpg,w_26c0ffd,15
e672780ad.jpg,w_12cc52d,17
e6805d6d3.jpg,w_f765256,34
e6abb8a8e.jpg,w_efbdcbc,22
e6b1d3cdd.jpg,w_9c506f6,62
e6b70421a.jpg,w_9c506f6,62
e6bfde781.jpg,w_3de579a,54
e6c492856.jpg,w_4a28f21,13
e70aff3bc.jpg,w_08630fd,31
e70f086ef.jpg,w_b3ca4b7,16
e71603398.jpg,w_91cc02c,25
e71fccdbe.jpg,w_f0eddab,15
e730e6d24.jpg,w_30f2f0f,12
e759030d1.jpg,w_accb0cb,14
e782803cb.jpg,w_f0fe284,45
e79e867de.jpg,w_53feb91,17
e7a425d49.jpg,w_94f41dc,11
e7b66371a.jpg,w_2365d55,29
e7bb9a74c.jpg,w_c0d11da,15
e7d01199a.jpg,w_d72771c,32
e7e9cc786.jpg,w_8da30ad,22
e7eeaa6fc.jpg,w_0369a5c,61
e812d1479.jpg,w_cd4cb49,24
e81a3751d.jpg,w_c875e45,15
e830ea113.jpg,w_9c506f6,62
e83e4a160.jpg,w_3002b59,11
e84a5cce0.jpg,w_9b5109b,65
e868e3aa8.jpg,w_1ca9ab1,34
e869fd969.jpg,w_0369a5c,61
e8782b0c4.jpg,w_5e8e218,40
e880a0ac6.jpg,w_23a388d,73
e88588ee0.jpg,w_ef83760,21
e8878b48e.jpg,w_a190a88,13
e8ac232ce.jpg,w_9c506f6,62
e8d54b2dd.jpg,w_57aeea3,11
e8df40ead.jpg,w_d72771c,32
e8e004639.jpg,w_dea40e2,14
e8f54be4a.jpg,w_6822dbc,36
e8fc70a43.jpg,w_488865e,22
e911264d0.jpg,w_fd3e556,50
e91af7268.jpg,w_e1ffbe2,23
e91deea5c.jpg,w_2365d55,29
e930f7403.jpg,w_1d0830e,11
e9340e338.jpg,w_ae393cd,17
e9475ab7b.jpg,w_025911c,19
e95704629.jpg,w_700ebb4,57
e96c5cd8c.jpg,w_91cc02c,25
e97bd5dac.jpg,w_d405854,47
e990bcf97.jpg,w_88e4537,49
e9b4d95fc.jpg,w_dd944b7,11
e9b65a195.jpg,w_bfe77d0,20
e9b78d99f.jpg,w_b9e5911,24
e9bfe46e4.jpg,w_9c506f6,62
e9c44c8e6.jpg,w_eba33fb,19
e9c90fa80.jpg,w_23a388d,73
e9cc90645.jpg,w_9438119,16
e9d78cd7d.jpg,w_4516ff1,21
e9f68cf84.jpg,w_eba33fb,19
e9fec27e1.jpg,w_6822dbc,36
ea0de1825.jpg,w_9c506f6,62
ea0f0c522.jpg,w_51fc1fc,30
ea2153501.jpg,w_f74a89e,16
ea294601d.jpg,w_9b5109b,65
ea685fbba.jpg,w_60cf87c,22
ea85c9304.jpg,w_8a6a8d5,17
ea8bc182b.jpg,w_c25d2d1,19
ea925b05b.jpg,w_30f2f0f,12
ea9b02415.jpg,w_14330a0,12
ea9b1256f.jpg,w_0369a5c,61
eaa3332d8.jpg,w_23a388d,73
eab9d8d27.jpg,w_a9304b9,37
eaba4ac87.jpg,w_d980663,16
eadf6af45.jpg,w_88e4537,49
eaef8e463.jpg,w_b128587,15
eafc7794e.jpg,w_4c07458,16
eafcab532.jpg,w_6822dbc,36
eb12a83ea.jpg,w_a190a88,13
eb17b7072.jpg,w_9d86594,16
eb19e557f.jpg,w_a6703dd,11
eb1fc99f2.jpg,w_700ebb4,57
eb474c625.jpg,w_9a1a810,14
eb5763f4e.jpg,w_1b0db58,15
eb83d46e3.jpg,w_89f6097,17
eb8b69ec1.jpg,w_c1efffb,11
ebae28fe0.jpg,w_ab7c369,20
ebcd4bbc5.jpg,w_d405854,47
ebdd6652b.jpg,w_17b0d3a,33
ebde028d7.jpg,w_51fc1fc,30
ebec16064.jpg,w_789c969,45
ec038eee7.jpg,w_0b1e4a6,16
ec0d8583d.jpg,w_cbb15d2,11
ec290545f.jpg,w_59052ad,29
ec2e57eac.jpg,w_34120de,11
ec51f5ebc.jpg,w_eba33fb,19
ec67e06d2.jpg,w_94a7669,11
ec74372b2.jpg,w_17b0d3a,33
ec848ffdf.jpg,w_67a9841,17
ec8c8d156.jpg,w_cd4cb49,24
eca25d9b0.jpg,w_d573a68,19
ecaffe5c2.jpg,w_b5e6c80,11
ecb0a70d1.jpg,w_accb0cb,14
ecb7c945e.jpg,w_90c9763,20
ecc0b75bf.jpg,w_6cda039,31
ecdce6d77.jpg,w_0135f5f,23
ecefb2ca3.jpg,w_34ecf36,18
ecf3e871d.jpg,w_f0fe284,45
ed076afb0.jpg,w_aa32f70,12
ed11813d6.jpg,w_60ce6fc,37
ed135b296.jpg,w_c6b4d61,17
ed27f50cd.jpg,w_9da1811,21
ed35fe45f.jpg,w_7c77c5c,12
ed4254f56.jpg,w_d72771c,32
ed77166d6.jpg,w_564a34b,51
ed916ca97.jpg,w_218fe4a,13
edbbe6bba.jpg,w_51fc1fc,30
edc1e0171.jpg,w_5a2634c,37
edcd49eb9.jpg,w_83a4279,15
ede9d96eb.jpg,w_23a388d,73
edf0b264c.jpg,w_e2372d6,18
ee07a850c.jpg,w_0135f5f,23
ee108f1cd.jpg,w_2365d55,29
ee2cb0f57.jpg,w_16b5050,12
ee5edb339.jpg,w_34120de,11
ee6591720.jpg,w_9da1811,21
ee6e25bf4.jpg,w_62c78f3,14
ee783803c.jpg,w_51fc1fc,30
ee8278f2a.jpg,w_fd6a3ad,30
ee96b5be6.jpg,w_50fd107,11
eea6ae9bc.jpg,w_f765256,34
eec64c659.jpg,w_0bc078c,24
ef1d5fd6e.jpg,w_f765256,34
ef23b47ad.jpg,w_700ebb4,57
ef3a51a7e.jpg,w_d72771c,32
ef3f5329a.jpg,w_fd6a3ad,30
ef4efba79.jpg,w_8da30ad,22
ef9efd19e.jpg,w_b9c99cc,12
efa841156.jpg,w_50fd107,11
efae7b997.jpg,w_a9304b9,37
efbf30b18.jpg,w_f0fe284,45
efff25d8b.jpg,w_26c0ffd,15
f0028a2f5.jpg,w_789c969,45
f0109bc35.jpg,w_88e4537,49
f029b430a.jpg,w_700ebb4,57
f0423128b.jpg,w_564a34b,51
f04284199.jpg,w_5773c71,23
f0437f516.jpg,w_91cc02c,25
f066d7598.jpg,w_cd4cb49,24
f06c4e252.jpg,w_0369a5c,61
f07e5bbcf.jpg,w_14330a0,12
f0907fa32.jpg,w_cc1784d,18
f0908ef40.jpg,w_0bc078c,24
f0b69cfc9.jpg,w_591a2c5,15
f0d21c6a5.jpg,w_7e579dd,15
f0d7f93bf.jpg,w_cd4cb49,24
f0e040566.jpg,w_7e2eb3d,18
f0e045454.jpg,w_08630fd,31
f0e209e32.jpg,w_60ce6fc,37
f0ec5f390.jpg,w_0bc078c,24
f0f846007.jpg,w_d980663,16
f104b0e52.jpg,w_51fc1fc,30
f10b19f8e.jpg,w_15951db,11
f12b30655.jpg,w_91b678a,11
f12d99d30.jpg,w_d980663,16
f14c33d69.jpg,w_789c969,45
f17de8e68.jpg,w_789c969,45
f187a1ca7.jpg,w_88e4537,49
f1a9f5b30.jpg,w_efbdcbc,22
f1aa09393.jpg,w_67a9841,17
f1af9c046.jpg,w_a113b33,20
f1b850552.jpg,w_53215c6,14
f1bd4999c.jpg,w_e27bbf6,19
f1bf12781.jpg,w_60ce6fc,37
f1ce71c29.jpg,w_7d44896,19
f1d126d4d.jpg,w_581ba42,14
f1d2836d0.jpg,w_9f13096,11
f1f0bae2a.jpg,w_60cf87c,22
f1f9589c6.jpg,w_fd6a3ad,30
f20157e5a.jpg,w_d588fb4,14
f2018fd4f.jpg,w_5e8e218,40
f20583f8c.jpg,w_789c969,45
f20d6c29e.jpg,w_591a2c5,15
f20ea5c3a.jpg,w_564a34b,51
f2242df07.jpg,w_75f6ffa,24
f22f11eaf.jpg,w_789c969,45
f25cf4dd2.jpg,w_3815890,21
f2d530841.jpg,w_fec331a,11
f3040ef87.jpg,w_c55c51d,11
f33639f1c.jpg,w_9da1811,21
f3442ed47.jpg,w_9c506f6,62
f35f3a70c.jpg,w_9f13096,11
f362b4aac.jpg,w_fd3e556,50
f36ec15ff.jpg,w_1b0db58,15
f37f02e62.jpg,w_ab2ac77,14
f38b26a85.jpg,w_bfcad53,25
f38b7abe2.jpg,w_03670aa,20
f391d5d90.jpg,w_0ee7878,12
f395249f7.jpg,w_ef83760,21
f3bfd6c2e.jpg,w_26c0ffd,15
f3d7fcab6.jpg,w_9b5109b,65
f40328013.jpg,w_9b5109b,65
f414e0cb5.jpg,w_34ecf36,18
f41aa7881.jpg,w_03670aa,20
f44c6c117.jpg,w_700ebb4,57
f45061aff.jpg,w_9b5109b,65
f4628b9de.jpg,w_04003e9,30
f49897dde.jpg,w_5a2634c,37
f4b6fc1b7.jpg,w_778e474,40
f4cb4d05b.jpg,w_3815890,21
f4e19c4fa.jpg,w_94f41dc,11
f4e634968.jpg,w_89f6097,17
f4eabaf0e.jpg,w_d573a68,19
f4ff7d67b.jpg,w_91cc02c,25
f5119e1fd.jpg,w_90c9763,20
f54e9110d.jpg,w_e2372d6,18
f592ee289.jpg,w_9da1811,21
f5ac3f17f.jpg,w_3b03149,15
f5c550525.jpg,w_53215c6,14
f5c9abd36.jpg,w_0f8b8e2,11
f5d4b523b.jpg,w_91cc02c,25
f5dfddc24.jpg,w_9b5109b,65
f5e2ed728.jpg,w_8a6a8d5,17
f6084a1aa.jpg,w_88e4537,49
f6098643f.jpg,w_6caff0f,27
f6123925b.jpg,w_f0fe284,45
f62ba9ac4.jpg,w_9da1811,21
f62d1f908.jpg,w_b3cc7b3,11
f6321c36a.jpg,w_88e4537,49
f6459b19c.jpg,w_f0eddab,15
f65809612.jpg,w_e1ffbe2,23
f66a7c2a3.jpg,w_242fb46,23
f68142a1e.jpg,w_488865e,22
f6ceb1151.jpg,w_fd6a3ad,30
f6d1e4fa2.jpg,w_be4f189,13
f6ddf279f.jpg,w_88e4537,49
f6f78039f.jpg,w_94a7669,11
f7032f742.jpg,w_4516ff1,21
f70fd577e.jpg,w_5773c71,23
f7169980c.jpg,w_23a388d,73
f71ce762c.jpg,w_edce644,14
f72648db1.jpg,w_c6fe966,16
f732923a1.jpg,w_564a34b,51
f734f7cd3.jpg,w_9b5109b,65
f73e133a3.jpg,w_700ebb4,57
f778f453d.jpg,w_698fcbe,16
f77a2c435.jpg,w_aa32f70,12
f788c17b8.jpg,w_89f6097,17
f7921867a.jpg,w_27597ff,24
f7a34b30e.jpg,w_b9e5911,24
f7b59dced.jpg,w_3de579a,54
f7b8c2685.jpg,w_778e474,40
f7ce9af56.jpg,w_dee1053,17
f7e293968.jpg,w_90c9763,20
f81e84cb3.jpg,w_3de579a,54
f82c47ade.jpg,w_9d56f22,11
f82f93c15.jpg,w_fd3e556,50
f83576b6e.jpg,w_3815890,21
f845cae66.jpg,w_e1ffbe2,23
f8525b717.jpg,w_564a34b,51
f85279207.jpg,w_da011a1,15
f85b0ced7.jpg,w_3879fa0,17
f8620eaed.jpg,w_9b5109b,65
f8886d86a.jpg,w_bf960fa,13
f89ba379e.jpg,w_e2372d6,18
f8dbff6e5.jpg,w_17b0d3a,33
f8e0c1305.jpg,w_13aa123,12
f8f421149.jpg,w_df32eec,13
f8fcffa8d.jpg,w_0bc078c,24
f90d5f362.jpg,w_6822dbc,36
f91ee6c5c.jpg,w_d405854,47
f924801c6.jpg,w_ef83760,21
f9307592c.jpg,w_e07b79f,15
f9427c75f.jpg,w_e27bbf6,19
f949c10a5.jpg,w_60ce6fc,37
f9529f4a8.jpg,w_4516ff1,21
f972218c0.jpg,w_d405854,47
f97d3760c.jpg,w_3de579a,54
f98a05749.jpg,w_5a2634c,37
f99866d89.jpg,w_d588fb4,14
f9c4a315b.jpg,w_59052ad,29
f9d114b05.jpg,w_98d094e,16
f9daed87f.jpg,w_9b5109b,65
f9dded842.jpg,w_df32eec,13
fa0a4a0df.jpg,w_d405854,47
fa31b61eb.jpg,w_e1ffbe2,23
fa5211df9.jpg,w_88e4537,49
fa5327441.jpg,w_9c506f6,62
fa6ee3eea.jpg,w_db68456,18
fa810fab3.jpg,w_fd6a3ad,30
fa844738c.jpg,w_bb2c919,12
fa8868884.jpg,w_90c9763,20
faa6859de.jpg,w_0bc078c,24
fad6a739c.jpg,w_16b5050,12
fae67b810.jpg,w_bc285a6,21
faf1ae75f.jpg,w_c0d11da,15
faf42b9c6.jpg,w_03670aa,20
fb140350a.jpg,w_5e8e218,40
fb163264e.jpg,w_83a4279,15
fb6c3bde3.jpg,w_27597ff,24
fb929ab01.jpg,w_dd88965,16
fb9b2260d.jpg,w_94a7669,11
fbb4d449e.jpg,w_75f6ffa,24
fbe31a29d.jpg,w_5e8e218,40
fc0b7d824.jpg,w_9c506f6,62
fc12b55f8.jpg,w_9f13096,11
fc15595b3.jpg,w_0369a5c,61
fc5c296f8.jpg,w_0369a5c,61
fc5c53caa.jpg,w_dd88965,16
fc5d04058.jpg,w_0369a5c,61
fc6a4fc97.jpg,w_c1d2fbe,13
fc8eb819f.jpg,w_7d44896,19
fc9129d7c.jpg,w_b5e6c80,11
fcfae449c.jpg,w_ab2ac77,14
fd0ab7b0d.jpg,w_f7cd240,12
fd198e007.jpg,w_0369a5c,61
fd45d88f8.jpg,w_7d44896,19
fd4b47fb7.jpg,w_789c969,45
fd5f8215b.jpg,w_564a34b,51
fd65307c0.jpg,w_0cbf1b3,12
fd7c7d248.jpg,w_0135f5f,23
fd7ee9b61.jpg,w_9b5109b,65
fd8b3793e.jpg,w_62c78f3,14
fd921dde4.jpg,w_d72771c,32
fdbd1743e.jpg,w_b9c99cc,12
fdcb73264.jpg,w_12cc52d,17
fdda3c3c2.jpg,w_37d2f3a,12
fddbe1a72.jpg,w_14330a0,12
fddc28401.jpg,w_0369a5c,61
fde621dec.jpg,w_d405854,47
fdf9ad34f.jpg,w_3002b59,11
fe1a7e468.jpg,w_e07b79f,15
fe2207682.jpg,w_6caff0f,27
fe38d5e6d.jpg,w_27597ff,24
fe7a2b654.jpg,w_3de579a,54
fe88e229b.jpg,w_5597026,21
fe896a2be.jpg,w_b9e5911,24
fe92e3fc4.jpg,w_04003e9,30
fee468265.jpg,w_53215c6,14
fee4c2709.jpg,w_83b2336,11
ff106530c.jpg,w_c01c1f4,17
ff126ad1e.jpg,w_fbcfe74,11
ff185e91d.jpg,w_eaed433,12
ff36a2019.jpg,w_789c969,45
ff49c3124.jpg,w_f765256,34
ff84b05fd.jpg,w_d405854,47
ff9383335.jpg,w_04003e9,30
ff9c31f7d.jpg,w_e1ffbe2,23
ffad54783.jpg,w_f0fe284,45
ffc0dd0dc.jpg,w_4a28f21,13
ffcd5efdc.jpg,w_f765256,34
ffe52d320.jpg,w_bc285a6,21
ffef89eed.jpg,w_9c506f6,62
